WARNING: Using incubator modules: jdk.incubator.vector
Starting org.bukkit.craftbukkit.Main
WARN StatusConsoleListener Advanced terminal features are not available in this environment
[14:44:18 INFO]: [bootstrap] Running Java 21 (OpenJDK 64-Bit Server VM 21.0.6+7-LTS; Eclipse Adoptium Temurin-21.0.6+7) on Linux 6.8.0-1023-oracle (aarch64)
[14:44:18 INFO]: [bootstrap] Loading Purpur 1.21.1-2329-ver/1.21.1@803bf62 (2024-10-31T20:25:04Z) for Minecraft 1.21.1
[14:44:19 INFO]: [PluginInitializerManager] Initializing plugins...
[14:44:19 INFO]: [PluginInitializerManager] Initialized 14 plugins
[14:44:19 INFO]: [PluginInitializerManager] Bukkit plugins (14):
 - AuthMe (5.7.0-SNAPSHOT-b2642), AxTrade (1.15.1), BetterTeams (4.12.0), BountySeekers (2.0.0), BungeeGuard (1.4.5), Chunky (1.4.36), Essentials (2.21.0), LuckPerms (5.4.145), ProtocolLib (5.3.0), Vault (2.10.0), ViaBackwards (5.3.2), ViaRewind (4.0.7), ViaRewind-Legacy-Support (1.5.2), ViaVersion (5.3.2)
[14:44:24 INFO]: Environment: Environment[sessionHost=https://sessionserver.mojang.com, servicesHost=https://api.minecraftservices.com, name=PROD]
[14:44:26 INFO]: Loaded 1290 recipes
[14:44:26 INFO]: Loaded 1399 advancements
[14:44:26 INFO]: Starting minecraft server version 1.21.1
[14:44:26 INFO]: Loading properties
[14:44:26 INFO]: This server is running Purpur version 1.21.1-2329-ver/1.21.1@803bf62 (2024-10-31T20:25:04Z) (Implementing API version 1.21.1-R0.1-SNAPSHOT)
[14:44:27 INFO]: [spark] This server bundles the spark profiler. For more information please visit https://docs.papermc.io/paper/profiling
[14:44:27 INFO]: Server Ping Player Sample Count: 12
[14:44:27 INFO]: Using 4 threads for Netty based IO
[14:44:28 INFO]: [ChunkTaskScheduler] Chunk system is using 1 I/O threads, 1 worker threads, and population gen parallelism of 1 threads
[14:44:29 ERROR]: [TerminalConsole] Failed to read console input
java.io.IOException: Bad file descriptor
	at java.base/java.io.FileInputStream.readBytes(Native Method) ~[?:?]
	at java.base/java.io.FileInputStream.read(FileInputStream.java:287) ~[?:?]
	at java.base/java.io.BufferedInputStream.read1(BufferedInputStream.java:345) ~[?:?]
	at java.base/java.io.BufferedInputStream.implRead(BufferedInputStream.java:420) ~[?:?]
	at java.base/java.io.BufferedInputStream.read(BufferedInputStream.java:399) ~[?:?]
	at java.base/sun.nio.cs.StreamDecoder.readBytes(StreamDecoder.java:350) ~[?:?]
	at java.base/sun.nio.cs.StreamDecoder.implRead(StreamDecoder.java:393) ~[?:?]
	at java.base/sun.nio.cs.StreamDecoder.lockedRead(StreamDecoder.java:217) ~[?:?]
	at java.base/sun.nio.cs.StreamDecoder.read(StreamDecoder.java:171) ~[?:?]
	at java.base/java.io.InputStreamReader.read(InputStreamReader.java:188) ~[?:?]
	at java.base/java.io.BufferedReader.fill(BufferedReader.java:160) ~[?:?]
	at java.base/java.io.BufferedReader.implReadLine(BufferedReader.java:370) ~[?:?]
	at java.base/java.io.BufferedReader.readLine(BufferedReader.java:347) ~[?:?]
	at java.base/java.io.BufferedReader.readLine(BufferedReader.java:436) ~[?:?]
	at net.minecrell.terminalconsole.SimpleTerminalConsole.readCommands(SimpleTerminalConsole.java:180) ~[terminalconsoleappender-1.3.0.jar:?]
	at net.minecrell.terminalconsole.SimpleTerminalConsole.start(SimpleTerminalConsole.java:143) ~[terminalconsoleappender-1.3.0.jar:?]
	at net.minecraft.server.dedicated.DedicatedServer$1.run(DedicatedServer.java:118) ~[purpur-1.21.1.jar:1.21.1-2329-803bf62]
[14:44:29 INFO]: [Pufferfish] Max SIMD vector size on this system is 128 bits (int)
[14:44:29 INFO]: [Pufferfish] Max SIMD vector size on this system is 128 bits (float)
[14:44:29 INFO]: [Pufferfish] SIMD operations detected as functional. Will replace some operations with faster versions.
[14:44:29 INFO]: Default game type: SURVIVAL
[14:44:29 INFO]: Generating keypair
[14:44:29 INFO]: Starting Minecraft server on localhost:25567
[14:44:29 INFO]: Using epoll channel type
[14:44:29 INFO]: Paper: Using libdeflate (Linux aarch64) compression from Velocity.
[14:44:29 INFO]: Paper: Using OpenSSL 3.x.x (Linux aarch64) cipher from Velocity.
[14:44:30 INFO]: [SpigotLibraryLoader] [AuthMe] Loading 17 libraries... please wait
[14:44:30 INFO]: [SpigotLibraryLoader] [AuthMe] Loaded library /home/ubuntu/server/mc/main/libraries/ch/jalu/injector/1.0/injector-1.0.jar
[14:44:30 INFO]: [SpigotLibraryLoader] [AuthMe] Loaded library /home/ubuntu/server/mc/main/libraries/javax/inject/javax.inject/1/javax.inject-1.jar
[14:44:30 INFO]: [SpigotLibraryLoader] [AuthMe] Loaded library /home/ubuntu/server/mc/main/libraries/javax/annotation/javax.annotation-api/1.3.1/javax.annotation-api-1.3.1.jar
[14:44:30 INFO]: [SpigotLibraryLoader] [AuthMe] Loaded library /home/ubuntu/server/mc/main/libraries/net/ricecode/string-similarity/1.0.0/string-similarity-1.0.0.jar
[14:44:30 INFO]: [SpigotLibraryLoader] [AuthMe] Loaded library /home/ubuntu/server/mc/main/libraries/com/maxmind/geoip2/geoip2/4.2.0/geoip2-4.2.0.jar
[14:44:30 INFO]: [SpigotLibraryLoader] [AuthMe] Loaded library /home/ubuntu/server/mc/main/libraries/com/maxmind/db/maxmind-db/3.1.0/maxmind-db-3.1.0.jar
[14:44:30 INFO]: [SpigotLibraryLoader] [AuthMe] Loaded library /home/ubuntu/server/mc/main/libraries/com/fasterxml/jackson/core/jackson-databind/2.16.0/jackson-databind-2.16.0.jar
[14:44:30 INFO]: [SpigotLibraryLoader] [AuthMe] Loaded library /home/ubuntu/server/mc/main/libraries/com/fasterxml/jackson/core/jackson-core/2.16.0/jackson-core-2.16.0.jar
[14:44:30 INFO]: [SpigotLibraryLoader] [AuthMe] Loaded library /home/ubuntu/server/mc/main/libraries/com/fasterxml/jackson/core/jackson-annotations/2.16.0/jackson-annotations-2.16.0.jar
[14:44:30 INFO]: [SpigotLibraryLoader] [AuthMe] Loaded library /home/ubuntu/server/mc/main/libraries/javatar/javatar/2.5/javatar-2.5.jar
[14:44:30 INFO]: [SpigotLibraryLoader] [AuthMe] Loaded library /home/ubuntu/server/mc/main/libraries/org/apache/commons/commons-email/1.6.0/commons-email-1.6.0.jar
[14:44:30 INFO]: [SpigotLibraryLoader] [AuthMe] Loaded library /home/ubuntu/server/mc/main/libraries/com/sun/mail/jakarta.mail/1.6.7/jakarta.mail-1.6.7.jar
[14:44:30 INFO]: [SpigotLibraryLoader] [AuthMe] Loaded library /home/ubuntu/server/mc/main/libraries/com/sun/activation/jakarta.activation/1.2.1/jakarta.activation-1.2.1.jar
[14:44:30 INFO]: [SpigotLibraryLoader] [AuthMe] Loaded library /home/ubuntu/server/mc/main/libraries/com/zaxxer/HikariCP/5.1.0/HikariCP-5.1.0.jar
[14:44:30 INFO]: [SpigotLibraryLoader] [AuthMe] Loaded library /home/ubuntu/server/mc/main/libraries/org/slf4j/slf4j-api/1.7.36/slf4j-api-1.7.36.jar
[14:44:30 INFO]: [SpigotLibraryLoader] [AuthMe] Loaded library /home/ubuntu/server/mc/main/libraries/org/slf4j/slf4j-simple/2.0.13/slf4j-simple-2.0.13.jar
[14:44:30 INFO]: [SpigotLibraryLoader] [AuthMe] Loaded library /home/ubuntu/server/mc/main/libraries/ch/jalu/datasourcecolumns/0.1.2/datasourcecolumns-0.1.2.jar
[14:44:30 INFO]: [SpigotLibraryLoader] [AuthMe] Loaded library /home/ubuntu/server/mc/main/libraries/com/mysql/mysql-connector-j/8.4.0/mysql-connector-j-8.4.0.jar
[14:44:30 INFO]: [SpigotLibraryLoader] [AuthMe] Loaded library /home/ubuntu/server/mc/main/libraries/com/google/protobuf/protobuf-java/3.25.1/protobuf-java-3.25.1.jar
[14:44:30 INFO]: [SpigotLibraryLoader] [AuthMe] Loaded library /home/ubuntu/server/mc/main/libraries/org/mariadb/jdbc/mariadb-java-client/3.4.0/mariadb-java-client-3.4.0.jar
[14:44:30 INFO]: [SpigotLibraryLoader] [AuthMe] Loaded library /home/ubuntu/server/mc/main/libraries/com/github/waffle/waffle-jna/3.3.0/waffle-jna-3.3.0.jar
[14:44:30 INFO]: [SpigotLibraryLoader] [AuthMe] Loaded library /home/ubuntu/server/mc/main/libraries/net/java/dev/jna/jna-platform/5.13.0/jna-platform-5.13.0.jar
[14:44:30 INFO]: [SpigotLibraryLoader] [AuthMe] Loaded library /home/ubuntu/server/mc/main/libraries/org/slf4j/jcl-over-slf4j/2.0.7/jcl-over-slf4j-2.0.7.jar
[14:44:30 INFO]: [SpigotLibraryLoader] [AuthMe] Loaded library /home/ubuntu/server/mc/main/libraries/com/github/ben-manes/caffeine/caffeine/2.9.3/caffeine-2.9.3.jar
[14:44:30 INFO]: [SpigotLibraryLoader] [AuthMe] Loaded library /home/ubuntu/server/mc/main/libraries/com/google/errorprone/error_prone_annotations/2.10.0/error_prone_annotations-2.10.0.jar
[14:44:30 INFO]: [SpigotLibraryLoader] [AuthMe] Loaded library /home/ubuntu/server/mc/main/libraries/org/postgresql/postgresql/42.7.3/postgresql-42.7.3.jar
[14:44:30 INFO]: [SpigotLibraryLoader] [AuthMe] Loaded library /home/ubuntu/server/mc/main/libraries/org/checkerframework/checker-qual/3.42.0/checker-qual-3.42.0.jar
[14:44:30 INFO]: [SpigotLibraryLoader] [AuthMe] Loaded library /home/ubuntu/server/mc/main/libraries/de/rtner/PBKDF2/1.1.4/PBKDF2-1.1.4.jar
[14:44:30 INFO]: [SpigotLibraryLoader] [AuthMe] Loaded library /home/ubuntu/server/mc/main/libraries/org/picketbox/picketbox/4.0.21.Final/picketbox-4.0.21.Final.jar
[14:44:30 INFO]: [SpigotLibraryLoader] [AuthMe] Loaded library /home/ubuntu/server/mc/main/libraries/de/mkammerer/argon2-jvm-nolibs/2.11/argon2-jvm-nolibs-2.11.jar
[14:44:30 INFO]: [SpigotLibraryLoader] [AuthMe] Loaded library /home/ubuntu/server/mc/main/libraries/net/java/dev/jna/jna/5.8.0/jna-5.8.0.jar
[14:44:30 INFO]: [SpigotLibraryLoader] [AuthMe] Loaded library /home/ubuntu/server/mc/main/libraries/at/favre/lib/bcrypt/0.10.2/bcrypt-0.10.2.jar
[14:44:30 INFO]: [SpigotLibraryLoader] [AuthMe] Loaded library /home/ubuntu/server/mc/main/libraries/at/favre/lib/bytes/1.5.0/bytes-1.5.0.jar
[14:44:30 INFO]: [SpigotLibraryLoader] [AuthMe] Loaded library /home/ubuntu/server/mc/main/libraries/com/warrenstrange/googleauth/1.5.0/googleauth-1.5.0.jar
[14:44:30 INFO]: [SpigotLibraryLoader] [AuthMe] Loaded library /home/ubuntu/server/mc/main/libraries/commons-codec/commons-codec/1.14/commons-codec-1.14.jar
[14:44:30 INFO]: [SpigotLibraryLoader] [AuthMe] Loaded library /home/ubuntu/server/mc/main/libraries/org/apache/httpcomponents/httpclient/4.5.12/httpclient-4.5.12.jar
[14:44:30 INFO]: [SpigotLibraryLoader] [AuthMe] Loaded library /home/ubuntu/server/mc/main/libraries/org/apache/httpcomponents/httpcore/4.4.13/httpcore-4.4.13.jar
[14:44:30 INFO]: [SpigotLibraryLoader] [AuthMe] Loaded library /home/ubuntu/server/mc/main/libraries/commons-logging/commons-logging/1.2/commons-logging-1.2.jar
[14:44:30 INFO]: [SpigotLibraryLoader] [AuthMe] Loaded library /home/ubuntu/server/mc/main/libraries/ch/jalu/configme/1.3.1/configme-1.3.1.jar
[14:44:30 INFO]: [SpigotLibraryLoader] [AuthMe] Loaded library /home/ubuntu/server/mc/main/libraries/org/yaml/snakeyaml/2.0/snakeyaml-2.0.jar
[14:44:30 INFO]: [SpigotLibraryLoader] [AuthMe] Loaded library /home/ubuntu/server/mc/main/libraries/org/bstats/bstats-bukkit/3.0.2/bstats-bukkit-3.0.2.jar
[14:44:30 INFO]: [SpigotLibraryLoader] [AuthMe] Loaded library /home/ubuntu/server/mc/main/libraries/org/bstats/bstats-base/3.0.2/bstats-base-3.0.2.jar
[14:44:31 INFO]: [ViaVersion] Loading server plugin ViaVersion v5.3.2
[14:44:31 INFO]: [ViaVersion] ViaVersion 5.3.2 is now loaded. Registering protocol transformers and injecting...
[14:44:31 INFO]: [ViaVersion] Loading block connection mappings ...
[14:44:31 INFO]: [ViaVersion] Using FastUtil Long2ObjectOpenHashMap for block connections
[14:44:32 INFO]: [ViaBackwards] Loading translations...
[14:44:32 INFO]: [ViaBackwards] Registering protocols...
[14:44:32 INFO]: [ViaRewind] Registering protocols...
[14:44:32 INFO]: [LuckPerms] Loading server plugin LuckPerms v5.4.145
[14:44:33 INFO]: [ViaBackwards] Loading server plugin ViaBackwards v5.3.2
[14:44:33 INFO]: [Vault] Loading server plugin Vault v2.10.0
[14:44:33 INFO]: [ViaRewind] Loading server plugin ViaRewind v4.0.7
[14:44:33 INFO]: [ProtocolLib] Loading server plugin ProtocolLib v5.3.0
[14:44:33 INFO]: [Essentials] Loading server plugin Essentials v2.21.0
[14:44:33 INFO]: [ViaRewind-Legacy-Support] Loading server plugin ViaRewind-Legacy-Support v1.5.2
[14:44:33 INFO]: [AuthMe] Loading server plugin AuthMe v5.7.0-SNAPSHOT-b2642
[14:44:33 INFO]: [BetterTeams] Loading server plugin BetterTeams v4.12.0
[14:44:33 INFO]: [BetterTeams] [BetterTeams] Checking if the file config.yml is up to date
[14:44:33 INFO]: [BetterTeams] [BetterTeams] File is up to date
[14:44:33 INFO]: [BountySeekers] Loading server plugin BountySeekers v2.0.0
[14:44:33 INFO]: [AxTrade] Loading server plugin AxTrade v1.15.1
[14:44:33 INFO]: [Chunky] Loading server plugin Chunky v1.4.36
[14:44:33 INFO]: [BungeeGuard] Loading server plugin BungeeGuard v1.4.5
[14:44:33 INFO]: Server permissions file permissions.yml is empty, ignoring it
[14:44:33 INFO]: [LuckPerms] Enabling LuckPerms v5.4.145
[14:44:34 INFO]: [38;2;85;255;255m       [38;2;0;170;170m __    [0m
[14:44:34 INFO]: [38;2;85;255;255m  |    [38;2;0;170;170m|__)   [38;2;0;170;0mLuckPerms[0m [38;2;85;255;255mv5.4.145[0m
[14:44:34 INFO]: [38;2;85;255;255m  |___ [38;2;0;170;170m|      [38;2;85;85;85mRunning on Bukkit - Purpur[0m
[14:44:34 INFO]: 
[14:44:34 INFO]: [LuckPerms] Loading configuration...
[14:44:34 INFO]: [LuckPerms] Loading storage provider... [H2]
[14:44:34 INFO]: [LuckPerms] Loading internal permission managers...
[14:44:34 INFO]: [LuckPerms] Performing initial data load...
[14:44:35 INFO]: [LuckPerms] Successfully enabled. (took 1601ms)
[14:44:35 INFO]: [Vault] Enabling Vault v2.10.0
[14:44:35 INFO]: [Vault] Enabled Version 2.10.0
[14:44:35 INFO]: [LuckPerms] Registered Vault permission & chat hook.
[14:44:35 INFO]: [ViaRewind] Enabling ViaRewind v4.0.7
[14:44:35 INFO]: [ProtocolLib] Enabling ProtocolLib v5.3.0
[14:44:35 INFO]: [BungeeGuard] Enabling BungeeGuard v1.4.5
[14:44:35 INFO]: [BungeeGuard] Using Paper's PlayerHandshakeEvent to listen for connections.
[14:44:35 WARN]: **** SERVER IS RUNNING IN OFFLINE/INSECURE MODE!
[14:44:35 WARN]: The server will make no attempt to authenticate usernames. Beware.
[14:44:35 WARN]: Whilst this makes it possible to use BungeeCord, unless access to your server is properly restricted, it also opens up the ability for hackers to connect with any username they choose.
[14:44:35 WARN]: Please see http://www.spigotmc.org/wiki/firewall-guide/ for further information.
[14:44:35 WARN]: To change this, set "online-mode" to "true" in the server.properties file.
[14:44:35 INFO]: Preparing level "world"
[14:44:36 INFO]: Preparing start region for dimension minecraft:overworld
[14:44:37 INFO]: Time elapsed: 1118 ms
[14:44:37 INFO]: Preparing start region for dimension minecraft:the_nether
[14:44:37 INFO]: Time elapsed: 216 ms
[14:44:37 INFO]: Preparing start region for dimension minecraft:the_end
[14:44:37 INFO]: Time elapsed: 192 ms
[14:44:37 INFO]: [ViaVersion] Enabling ViaVersion v5.3.2
[14:44:37 INFO]: [ViaVersion] ViaVersion detected server version: 1.21-1.21.1 (767)
[14:44:37 INFO]: [ViaBackwards] Enabling ViaBackwards v5.3.2
[14:44:37 INFO]: [Essentials] Enabling Essentials v2.21.0
[14:44:38 ERROR]: [Essentials] You are running an unsupported server version!
[14:44:38 INFO]: [Essentials] Attempting to convert old kits in config.yml to new kits.yml
[14:44:38 INFO]: [Essentials] No kits found to migrate.
[14:44:38 INFO]: [Essentials] Selected 1.11+ Item Unbreakable Provider as the provider for ItemUnbreakableProvider
[14:44:38 INFO]: [Essentials] Selected 1.20.4+ Damage Event Provider as the provider for DamageEventProvider
[14:44:38 INFO]: [Essentials] Selected Paper Serialization Provider as the provider for SerializationProvider
[14:44:38 INFO]: [Essentials] Selected Paper Tick Count Provider as the provider for TickCountProvider
[14:44:38 INFO]: [Essentials] Selected Paper Material Tag Provider as the provider for MaterialTagProvider
[14:44:38 INFO]: [Essentials] Selected Paper Server State Provider as the provider for ServerStateProvider
[14:44:38 INFO]: [Essentials] Selected Reflection Sync Commands Provider as the provider for SyncCommandsProvider
[14:44:38 INFO]: [Essentials] Selected Paper Container Provider as the provider for ContainerProvider
[14:44:38 INFO]: [Essentials] Selected Paper Known Commands Provider as the provider for KnownCommandsProvider
[14:44:38 INFO]: [Essentials] Selected 1.8.3+ Spawner Item Provider as the provider for SpawnerItemProvider
[14:44:38 INFO]: [Essentials] Selected Paper Biome Key Provider as the provider for BiomeKeyProvider
[14:44:38 INFO]: [Essentials] Selected 1.21+ InventoryView Interface ABI Provider as the provider for InventoryViewProvider
[14:44:38 INFO]: [Essentials] Selected 1.12+ Spawner Block Provider as the provider for SpawnerBlockProvider
[14:44:38 INFO]: [Essentials] Selected 1.14+ Sign Data Provider as the provider for SignDataProvider
[14:44:38 INFO]: [Essentials] Selected 1.17.1+ World Info Provider as the provider for WorldInfoProvider
[14:44:38 INFO]: [Essentials] Selected Reflection Formatted Command Alias Provider as the provider for FormattedCommandAliasProvider
[14:44:38 INFO]: [Essentials] Selected 1.12.2+ Player Locale Provider as the provider for PlayerLocaleProvider
[14:44:38 INFO]: [Essentials] Selected 1.20.5+ Banner Data Provider as the provider for BannerDataProvider
[14:44:38 INFO]: [Essentials] Selected 1.20.6+ Potion Meta Provider as the provider for PotionMetaProvider
[14:44:38 INFO]: [Essentials] Selected 1.14.4+ Persistent Data Container Provider as the provider for PersistentDataProvider
[14:44:38 INFO]: [Essentials] Selected 1.13+ Spawn Egg Provider as the provider for SpawnEggProvider
[14:44:38 INFO]: [Essentials] Selected Reflection Online Mode Provider as the provider for OnlineModeProvider
[14:44:38 INFO]: [Essentials] Loaded 43465 items from items.json.
[14:44:38 INFO]: [Essentials] Using locale en
[14:44:39 INFO]: [Essentials] ServerListPingEvent: Spigot iterator API
[14:44:39 INFO]: [Essentials] Starting Metrics. Opt-out using the global bStats config.
[14:44:39 INFO]: [Essentials] Using Vault based permissions (LuckPerms)
[14:44:39 INFO]: [ViaRewind-Legacy-Support] Enabling ViaRewind-Legacy-Support v1.5.2
[14:44:39 INFO]: [AuthMe] Enabling AuthMe v5.7.0-SNAPSHOT-b2642
[14:44:39 INFO]: [AuthMe] SQLite Setup finished
[14:44:40 INFO]: [AuthMe] Hooked into LuckPerms!
[14:44:40 INFO]: [AuthMe] Hooked successfully into Essentials
[14:44:40 INFO]: [AuthMe] Essentials spawn file not found: '/home/ubuntu/server/mc/main/plugins/Essentials/spawn.yml'
[14:44:40 INFO]: [AuthMe] AuthMe 5.7.0-SNAPSHOT build n.2642 successfully enabled!
[14:44:40 INFO]: [BetterTeams] Enabling BetterTeams v4.12.0
[14:44:40 INFO]: [BetterTeams] [BetterTeams] Checking if the file messages.yml is up to date
[14:44:40 INFO]: [BetterTeams] [BetterTeams] File is up to date
[14:44:40 INFO]: [BetterTeams] Display team name config value: prefix
[14:44:40 INFO]: [BetterTeams] Loading below name. Type: PREFIX
[14:44:40 INFO]: [BetterTeams] teamManagement declared: com.booksaw.betterTeams.events.MCTeamManagement@7b511002
[14:44:40 INFO]: [BountySeekers] Enabling BountySeekers v2.0.0
[14:44:40 INFO]: Enabled BountySeekers v2.0.0
[14:44:40 INFO]: Placeholder API not found - Skipping hook.
[14:44:40 INFO]: [AxTrade] Enabling AxTrade v1.15.1
[14:44:41 INFO]: [38;2;51;255;51m[AxTrade] Hooked into Vault![0m
[14:44:41 INFO]: [38;2;0;255;221m[AxTrade] Loaded plugin![0m
[14:44:41 INFO]: [Chunky] Enabling Chunky v1.4.36
[14:44:42 WARN]: Could not register alias sell because it contains commands that do not exist: economyshopgui:sellall $1-
[14:44:42 INFO]: [spark] Starting background profiler...
[14:44:42 INFO]: Done preparing level "world" (7.176s)
[14:44:42 INFO]: Running delayed init tasks
[14:44:42 INFO]: [Essentials] Essentials found a compatible payment resolution method: Vault Compatibility Layer (v2.10.0)!
[14:44:42 INFO]: [ViaVersion] Finished mapping loading, shutting down loader executor.
[14:44:42 INFO]: [Essentials] [38;2;255;170;0mFetching version information...[0m
[14:44:42 INFO]: [Chunky] No tasks to continue.
[14:44:42 INFO]: Done (25.017s)! For help, type "help"
[14:44:44 INFO]: UUID of player asdfasdfasdf1234 is 944b1b71-76b5-3162-84a3-3faa03a2472d
[14:44:44 INFO]: [38;2;255;255;85masdfasdfasdf1234 joined the game[0m
[14:44:45 INFO]: asdfasdfasdf1234[/64.150.15.14:50446] logged in with entity id 30 at ([world]128.5, 87.0, -335.5)
[14:44:45 WARN]: [Essentials] Permissions lag notice with (LuckPermsHandler). Response took 38.296123ms. Summary: Getting group for asdfasdfasdf1234
[14:44:45 WARN]: [ViaVersion] (1.13->1.12.2) Ignoring plugin channel in serverbound REGISTER: EAG|GetDomain
[14:44:45 WARN]: [ViaVersion] (1.13->1.12.2) Ignoring plugin channel in serverbound REGISTER: EAG|1.8
[14:44:45 WARN]: [ViaVersion] (1.13->1.12.2) Ignoring plugin channel in serverbound REGISTER: EAG|Voice-1.8
[14:44:45 WARN]: [ViaVersion] (1.13->1.12.2) Ignoring plugin channel in serverbound REGISTER: EAG|UpdateCert-1.8
[14:44:45 WARN]: [ViaVersion] (1.13->1.12.2) Ignoring plugin channel in serverbound REGISTER: EAG|1.8-RPC
[14:44:45 WARN]: [ViaVersion] (1.13->1.12.2) Ignoring plugin channel in serverbound REGISTER: EAG|Skins-1.8
[14:44:45 WARN]: [ViaVersion] (1.13->1.12.2) Ignoring plugin channel in serverbound REGISTER: EAG|1.8-Ready
[14:44:45 WARN]: [ViaVersion] (1.13->1.12.2) Ignoring plugin channel in serverbound REGISTER: EAG|FNAWSEn-1.8
[14:44:45 WARN]: [ViaVersion] (1.13->1.12.2) Ignoring plugin channel in serverbound REGISTER: EAG|Capes-1.8
[14:44:45 WARN]: [ViaVersion] (1.13->1.12.2) Ignoring serverbound plugin message with channel: EAG|1.8-Ready
[14:44:53 INFO]: [AuthMe] The user asdfasdfasdf1234 has 3 accounts:
[14:44:53 INFO]: [AuthMe] §7§aasdfasdfasdf1234§7, asdfasdf, imasdf.
[14:44:53 INFO]: [AuthMe] asdfasdfasdf1234 logged in 64.150.15.14
[14:45:44 INFO]: asdfasdfasdf1234 issued server command: /summon cow
[14:45:44 INFO]: [3m[38;2;170;170;170m[asdfasdfasdf1234: Summoned new Cow][0m
[14:45:48 INFO]: asdfasdfasdf1234 issued server command: /summon cow
[14:45:48 INFO]: [3m[38;2;170;170;170m[asdfasdfasdf1234: Summoned new Cow][0m
[14:45:48 INFO]: asdfasdfasdf1234 issued server command: /summon cow
[14:45:48 INFO]: [3m[38;2;170;170;170m[asdfasdfasdf1234: Summoned new Cow][0m
[14:45:49 INFO]: asdfasdfasdf1234 issued server command: /summon cow
[14:45:49 INFO]: [3m[38;2;170;170;170m[asdfasdfasdf1234: Summoned new Cow][0m
[14:45:50 INFO]: asdfasdfasdf1234 issued server command: /summon cow
[14:45:50 INFO]: [3m[38;2;170;170;170m[asdfasdfasdf1234: Summoned new Cow][0m
[14:45:50 INFO]: asdfasdfasdf1234 issued server command: /summon cow
[14:45:50 INFO]: [3m[38;2;170;170;170m[asdfasdfasdf1234: Summoned new Cow][0m
[14:49:12 INFO]: asdfasdfasdf1234 issued server command: /summon cow
[14:49:12 INFO]: [3m[38;2;170;170;170m[asdfasdfasdf1234: Summoned new Cow][0m
[14:49:13 INFO]: asdfasdfasdf1234 issued server command: /summon cow
[14:49:13 INFO]: [3m[38;2;170;170;170m[asdfasdfasdf1234: Summoned new Cow][0m
[14:49:16 INFO]: asdfasdfasdf1234 issued server command: /summon cow
[14:49:16 INFO]: [3m[38;2;170;170;170m[asdfasdfasdf1234: Summoned new Cow][0m
[14:49:18 INFO]: asdfasdfasdf1234 issued server command: /summon cow
[14:49:18 INFO]: [3m[38;2;170;170;170m[asdfasdfasdf1234: Summoned new Cow][0m
[14:49:20 INFO]: asdfasdfasdf1234 issued server command: /summon cow
[14:49:20 INFO]: [3m[38;2;170;170;170m[asdfasdfasdf1234: Summoned new Cow][0m
[14:58:14 INFO]: asdfasdfasdf1234 lost connection: Timed out
[14:58:14 INFO]: [38;2;255;255;85masdfasdfasdf1234 left the game[0m
WARNING: Using incubator modules: jdk.incubator.vector
Starting org.bukkit.craftbukkit.Main
WARN StatusConsoleListener Advanced terminal features are not available in this environment
[20:22:56 INFO]: [bootstrap] Running Java 21 (OpenJDK 64-Bit Server VM 21.0.6+7-LTS; Eclipse Adoptium Temurin-21.0.6+7) on Linux 6.8.0-1023-oracle (aarch64)
[20:22:56 INFO]: [bootstrap] Loading Purpur 1.21.1-2329-ver/1.21.1@803bf62 (2024-10-31T20:25:04Z) for Minecraft 1.21.1
[20:22:57 INFO]: [PluginInitializerManager] Initializing plugins...
[20:22:57 INFO]: [PluginInitializerManager] Initialized 14 plugins
[20:22:57 INFO]: [PluginInitializerManager] Bukkit plugins (14):
 - AuthMe (5.7.0-SNAPSHOT-b2642), AxTrade (1.15.1), BetterTeams (4.12.0), BountySeekers (2.0.0), BungeeGuard (1.4.5), Chunky (1.4.36), Essentials (2.21.0), LuckPerms (5.4.145), ProtocolLib (5.3.0), Vault (2.10.0), ViaBackwards (5.3.2), ViaRewind (4.0.7), ViaRewind-Legacy-Support (1.5.2), ViaVersion (5.3.2)
[20:23:02 INFO]: Environment: Environment[sessionHost=https://sessionserver.mojang.com, servicesHost=https://api.minecraftservices.com, name=PROD]
[20:23:05 INFO]: Loaded 1290 recipes
[20:23:05 INFO]: Loaded 1399 advancements
[20:23:06 INFO]: Starting minecraft server version 1.21.1
[20:23:06 INFO]: Loading properties
[20:23:06 INFO]: This server is running Purpur version 1.21.1-2329-ver/1.21.1@803bf62 (2024-10-31T20:25:04Z) (Implementing API version 1.21.1-R0.1-SNAPSHOT)
[20:23:07 INFO]: [spark] This server bundles the spark profiler. For more information please visit https://docs.papermc.io/paper/profiling
[20:23:07 INFO]: Server Ping Player Sample Count: 12
[20:23:07 INFO]: Using 4 threads for Netty based IO
[20:23:08 INFO]: [ChunkTaskScheduler] Chunk system is using 1 I/O threads, 1 worker threads, and population gen parallelism of 1 threads
[20:23:08 ERROR]: [TerminalConsole] Failed to read console input
java.io.IOException: Bad file descriptor
	at java.base/java.io.FileInputStream.readBytes(Native Method) ~[?:?]
	at java.base/java.io.FileInputStream.read(FileInputStream.java:287) ~[?:?]
	at java.base/java.io.BufferedInputStream.read1(BufferedInputStream.java:345) ~[?:?]
	at java.base/java.io.BufferedInputStream.implRead(BufferedInputStream.java:420) ~[?:?]
	at java.base/java.io.BufferedInputStream.read(BufferedInputStream.java:399) ~[?:?]
	at java.base/sun.nio.cs.StreamDecoder.readBytes(StreamDecoder.java:350) ~[?:?]
	at java.base/sun.nio.cs.StreamDecoder.implRead(StreamDecoder.java:393) ~[?:?]
	at java.base/sun.nio.cs.StreamDecoder.lockedRead(StreamDecoder.java:217) ~[?:?]
	at java.base/sun.nio.cs.StreamDecoder.read(StreamDecoder.java:171) ~[?:?]
	at java.base/java.io.InputStreamReader.read(InputStreamReader.java:188) ~[?:?]
	at java.base/java.io.BufferedReader.fill(BufferedReader.java:160) ~[?:?]
	at java.base/java.io.BufferedReader.implReadLine(BufferedReader.java:370) ~[?:?]
	at java.base/java.io.BufferedReader.readLine(BufferedReader.java:347) ~[?:?]
	at java.base/java.io.BufferedReader.readLine(BufferedReader.java:436) ~[?:?]
	at net.minecrell.terminalconsole.SimpleTerminalConsole.readCommands(SimpleTerminalConsole.java:180) ~[terminalconsoleappender-1.3.0.jar:?]
	at net.minecrell.terminalconsole.SimpleTerminalConsole.start(SimpleTerminalConsole.java:143) ~[terminalconsoleappender-1.3.0.jar:?]
	at net.minecraft.server.dedicated.DedicatedServer$1.run(DedicatedServer.java:118) ~[purpur-1.21.1.jar:1.21.1-2329-803bf62]
[20:23:08 INFO]: [Pufferfish] Max SIMD vector size on this system is 128 bits (int)
[20:23:08 INFO]: [Pufferfish] Max SIMD vector size on this system is 128 bits (float)
[20:23:08 INFO]: [Pufferfish] SIMD operations detected as functional. Will replace some operations with faster versions.
[20:23:08 INFO]: Default game type: SURVIVAL
[20:23:08 INFO]: Generating keypair
[20:23:08 INFO]: Starting Minecraft server on localhost:25567
[20:23:08 INFO]: Using epoll channel type
[20:23:08 INFO]: Paper: Using libdeflate (Linux aarch64) compression from Velocity.
[20:23:08 INFO]: Paper: Using OpenSSL 3.x.x (Linux aarch64) cipher from Velocity.
[20:23:09 INFO]: [SpigotLibraryLoader] [AuthMe] Loading 17 libraries... please wait
[20:23:10 INFO]: [SpigotLibraryLoader] [AuthMe] Loaded library /home/ubuntu/server/mc/main/libraries/ch/jalu/injector/1.0/injector-1.0.jar
[20:23:10 INFO]: [SpigotLibraryLoader] [AuthMe] Loaded library /home/ubuntu/server/mc/main/libraries/javax/inject/javax.inject/1/javax.inject-1.jar
[20:23:10 INFO]: [SpigotLibraryLoader] [AuthMe] Loaded library /home/ubuntu/server/mc/main/libraries/javax/annotation/javax.annotation-api/1.3.1/javax.annotation-api-1.3.1.jar
[20:23:10 INFO]: [SpigotLibraryLoader] [AuthMe] Loaded library /home/ubuntu/server/mc/main/libraries/net/ricecode/string-similarity/1.0.0/string-similarity-1.0.0.jar
[20:23:10 INFO]: [SpigotLibraryLoader] [AuthMe] Loaded library /home/ubuntu/server/mc/main/libraries/com/maxmind/geoip2/geoip2/4.2.0/geoip2-4.2.0.jar
[20:23:10 INFO]: [SpigotLibraryLoader] [AuthMe] Loaded library /home/ubuntu/server/mc/main/libraries/com/maxmind/db/maxmind-db/3.1.0/maxmind-db-3.1.0.jar
[20:23:10 INFO]: [SpigotLibraryLoader] [AuthMe] Loaded library /home/ubuntu/server/mc/main/libraries/com/fasterxml/jackson/core/jackson-databind/2.16.0/jackson-databind-2.16.0.jar
[20:23:10 INFO]: [SpigotLibraryLoader] [AuthMe] Loaded library /home/ubuntu/server/mc/main/libraries/com/fasterxml/jackson/core/jackson-core/2.16.0/jackson-core-2.16.0.jar
[20:23:10 INFO]: [SpigotLibraryLoader] [AuthMe] Loaded library /home/ubuntu/server/mc/main/libraries/com/fasterxml/jackson/core/jackson-annotations/2.16.0/jackson-annotations-2.16.0.jar
[20:23:10 INFO]: [SpigotLibraryLoader] [AuthMe] Loaded library /home/ubuntu/server/mc/main/libraries/javatar/javatar/2.5/javatar-2.5.jar
[20:23:10 INFO]: [SpigotLibraryLoader] [AuthMe] Loaded library /home/ubuntu/server/mc/main/libraries/org/apache/commons/commons-email/1.6.0/commons-email-1.6.0.jar
[20:23:10 INFO]: [SpigotLibraryLoader] [AuthMe] Loaded library /home/ubuntu/server/mc/main/libraries/com/sun/mail/jakarta.mail/1.6.7/jakarta.mail-1.6.7.jar
[20:23:10 INFO]: [SpigotLibraryLoader] [AuthMe] Loaded library /home/ubuntu/server/mc/main/libraries/com/sun/activation/jakarta.activation/1.2.1/jakarta.activation-1.2.1.jar
[20:23:10 INFO]: [SpigotLibraryLoader] [AuthMe] Loaded library /home/ubuntu/server/mc/main/libraries/com/zaxxer/HikariCP/5.1.0/HikariCP-5.1.0.jar
[20:23:10 INFO]: [SpigotLibraryLoader] [AuthMe] Loaded library /home/ubuntu/server/mc/main/libraries/org/slf4j/slf4j-api/1.7.36/slf4j-api-1.7.36.jar
[20:23:10 INFO]: [SpigotLibraryLoader] [AuthMe] Loaded library /home/ubuntu/server/mc/main/libraries/org/slf4j/slf4j-simple/2.0.13/slf4j-simple-2.0.13.jar
[20:23:10 INFO]: [SpigotLibraryLoader] [AuthMe] Loaded library /home/ubuntu/server/mc/main/libraries/ch/jalu/datasourcecolumns/0.1.2/datasourcecolumns-0.1.2.jar
[20:23:10 INFO]: [SpigotLibraryLoader] [AuthMe] Loaded library /home/ubuntu/server/mc/main/libraries/com/mysql/mysql-connector-j/8.4.0/mysql-connector-j-8.4.0.jar
[20:23:10 INFO]: [SpigotLibraryLoader] [AuthMe] Loaded library /home/ubuntu/server/mc/main/libraries/com/google/protobuf/protobuf-java/3.25.1/protobuf-java-3.25.1.jar
[20:23:10 INFO]: [SpigotLibraryLoader] [AuthMe] Loaded library /home/ubuntu/server/mc/main/libraries/org/mariadb/jdbc/mariadb-java-client/3.4.0/mariadb-java-client-3.4.0.jar
[20:23:10 INFO]: [SpigotLibraryLoader] [AuthMe] Loaded library /home/ubuntu/server/mc/main/libraries/com/github/waffle/waffle-jna/3.3.0/waffle-jna-3.3.0.jar
[20:23:10 INFO]: [SpigotLibraryLoader] [AuthMe] Loaded library /home/ubuntu/server/mc/main/libraries/net/java/dev/jna/jna-platform/5.13.0/jna-platform-5.13.0.jar
[20:23:10 INFO]: [SpigotLibraryLoader] [AuthMe] Loaded library /home/ubuntu/server/mc/main/libraries/org/slf4j/jcl-over-slf4j/2.0.7/jcl-over-slf4j-2.0.7.jar
[20:23:10 INFO]: [SpigotLibraryLoader] [AuthMe] Loaded library /home/ubuntu/server/mc/main/libraries/com/github/ben-manes/caffeine/caffeine/2.9.3/caffeine-2.9.3.jar
[20:23:10 INFO]: [SpigotLibraryLoader] [AuthMe] Loaded library /home/ubuntu/server/mc/main/libraries/com/google/errorprone/error_prone_annotations/2.10.0/error_prone_annotations-2.10.0.jar
[20:23:10 INFO]: [SpigotLibraryLoader] [AuthMe] Loaded library /home/ubuntu/server/mc/main/libraries/org/postgresql/postgresql/42.7.3/postgresql-42.7.3.jar
[20:23:10 INFO]: [SpigotLibraryLoader] [AuthMe] Loaded library /home/ubuntu/server/mc/main/libraries/org/checkerframework/checker-qual/3.42.0/checker-qual-3.42.0.jar
[20:23:10 INFO]: [SpigotLibraryLoader] [AuthMe] Loaded library /home/ubuntu/server/mc/main/libraries/de/rtner/PBKDF2/1.1.4/PBKDF2-1.1.4.jar
[20:23:10 INFO]: [SpigotLibraryLoader] [AuthMe] Loaded library /home/ubuntu/server/mc/main/libraries/org/picketbox/picketbox/4.0.21.Final/picketbox-4.0.21.Final.jar
[20:23:10 INFO]: [SpigotLibraryLoader] [AuthMe] Loaded library /home/ubuntu/server/mc/main/libraries/de/mkammerer/argon2-jvm-nolibs/2.11/argon2-jvm-nolibs-2.11.jar
[20:23:10 INFO]: [SpigotLibraryLoader] [AuthMe] Loaded library /home/ubuntu/server/mc/main/libraries/net/java/dev/jna/jna/5.8.0/jna-5.8.0.jar
[20:23:10 INFO]: [SpigotLibraryLoader] [AuthMe] Loaded library /home/ubuntu/server/mc/main/libraries/at/favre/lib/bcrypt/0.10.2/bcrypt-0.10.2.jar
[20:23:10 INFO]: [SpigotLibraryLoader] [AuthMe] Loaded library /home/ubuntu/server/mc/main/libraries/at/favre/lib/bytes/1.5.0/bytes-1.5.0.jar
[20:23:10 INFO]: [SpigotLibraryLoader] [AuthMe] Loaded library /home/ubuntu/server/mc/main/libraries/com/warrenstrange/googleauth/1.5.0/googleauth-1.5.0.jar
[20:23:10 INFO]: [SpigotLibraryLoader] [AuthMe] Loaded library /home/ubuntu/server/mc/main/libraries/commons-codec/commons-codec/1.14/commons-codec-1.14.jar
[20:23:10 INFO]: [SpigotLibraryLoader] [AuthMe] Loaded library /home/ubuntu/server/mc/main/libraries/org/apache/httpcomponents/httpclient/4.5.12/httpclient-4.5.12.jar
[20:23:10 INFO]: [SpigotLibraryLoader] [AuthMe] Loaded library /home/ubuntu/server/mc/main/libraries/org/apache/httpcomponents/httpcore/4.4.13/httpcore-4.4.13.jar
[20:23:10 INFO]: [SpigotLibraryLoader] [AuthMe] Loaded library /home/ubuntu/server/mc/main/libraries/commons-logging/commons-logging/1.2/commons-logging-1.2.jar
[20:23:10 INFO]: [SpigotLibraryLoader] [AuthMe] Loaded library /home/ubuntu/server/mc/main/libraries/ch/jalu/configme/1.3.1/configme-1.3.1.jar
[20:23:10 INFO]: [SpigotLibraryLoader] [AuthMe] Loaded library /home/ubuntu/server/mc/main/libraries/org/yaml/snakeyaml/2.0/snakeyaml-2.0.jar
[20:23:10 INFO]: [SpigotLibraryLoader] [AuthMe] Loaded library /home/ubuntu/server/mc/main/libraries/org/bstats/bstats-bukkit/3.0.2/bstats-bukkit-3.0.2.jar
[20:23:10 INFO]: [SpigotLibraryLoader] [AuthMe] Loaded library /home/ubuntu/server/mc/main/libraries/org/bstats/bstats-base/3.0.2/bstats-base-3.0.2.jar
[20:23:10 INFO]: [ViaVersion] Loading server plugin ViaVersion v5.3.2
[20:23:10 INFO]: [ViaVersion] ViaVersion 5.3.2 is now loaded. Registering protocol transformers and injecting...
[20:23:11 INFO]: [ViaVersion] Loading block connection mappings ...
[20:23:11 INFO]: [ViaVersion] Using FastUtil Long2ObjectOpenHashMap for block connections
[20:23:11 INFO]: [ViaBackwards] Loading translations...
[20:23:11 INFO]: [ViaBackwards] Registering protocols...
[20:23:12 INFO]: [ViaRewind] Registering protocols...
[20:23:12 INFO]: [LuckPerms] Loading server plugin LuckPerms v5.4.145
[20:23:12 INFO]: [ViaBackwards] Loading server plugin ViaBackwards v5.3.2
[20:23:12 INFO]: [Vault] Loading server plugin Vault v2.10.0
[20:23:12 INFO]: [ViaRewind] Loading server plugin ViaRewind v4.0.7
[20:23:12 INFO]: [ProtocolLib] Loading server plugin ProtocolLib v5.3.0
[20:23:13 INFO]: [Essentials] Loading server plugin Essentials v2.21.0
[20:23:13 INFO]: [ViaRewind-Legacy-Support] Loading server plugin ViaRewind-Legacy-Support v1.5.2
[20:23:13 INFO]: [AuthMe] Loading server plugin AuthMe v5.7.0-SNAPSHOT-b2642
[20:23:13 INFO]: [BetterTeams] Loading server plugin BetterTeams v4.12.0
[20:23:13 INFO]: [BetterTeams] [BetterTeams] Checking if the file config.yml is up to date
[20:23:13 INFO]: [BetterTeams] [BetterTeams] File is up to date
[20:23:13 INFO]: [BountySeekers] Loading server plugin BountySeekers v2.0.0
[20:23:13 INFO]: [AxTrade] Loading server plugin AxTrade v1.15.1
[20:23:13 INFO]: [Chunky] Loading server plugin Chunky v1.4.36
[20:23:13 INFO]: [BungeeGuard] Loading server plugin BungeeGuard v1.4.5
[20:23:13 INFO]: Server permissions file permissions.yml is empty, ignoring it
[20:23:13 INFO]: [LuckPerms] Enabling LuckPerms v5.4.145
[20:23:13 INFO]: [38;2;85;255;255m       [38;2;0;170;170m __    [0m
[20:23:13 INFO]: [38;2;85;255;255m  |    [38;2;0;170;170m|__)   [38;2;0;170;0mLuckPerms[0m [38;2;85;255;255mv5.4.145[0m
[20:23:13 INFO]: [38;2;85;255;255m  |___ [38;2;0;170;170m|      [38;2;85;85;85mRunning on Bukkit - Purpur[0m
[20:23:13 INFO]: 
[20:23:13 INFO]: [LuckPerms] Loading configuration...
[20:23:13 INFO]: [LuckPerms] Loading storage provider... [H2]
[20:23:14 INFO]: [LuckPerms] Loading internal permission managers...
[20:23:14 INFO]: [LuckPerms] Performing initial data load...
[20:23:14 INFO]: [LuckPerms] Successfully enabled. (took 1696ms)
[20:23:14 INFO]: [Vault] Enabling Vault v2.10.0
[20:23:14 INFO]: [Vault] Enabled Version 2.10.0
[20:23:14 INFO]: [LuckPerms] Registered Vault permission & chat hook.
[20:23:14 INFO]: [ViaRewind] Enabling ViaRewind v4.0.7
[20:23:14 INFO]: [ProtocolLib] Enabling ProtocolLib v5.3.0
[20:23:14 INFO]: [BungeeGuard] Enabling BungeeGuard v1.4.5
[20:23:14 INFO]: [BungeeGuard] Using Paper's PlayerHandshakeEvent to listen for connections.
[20:23:14 WARN]: **** SERVER IS RUNNING IN OFFLINE/INSECURE MODE!
[20:23:14 WARN]: The server will make no attempt to authenticate usernames. Beware.
[20:23:14 WARN]: Whilst this makes it possible to use BungeeCord, unless access to your server is properly restricted, it also opens up the ability for hackers to connect with any username they choose.
[20:23:14 WARN]: Please see http://www.spigotmc.org/wiki/firewall-guide/ for further information.
[20:23:14 WARN]: To change this, set "online-mode" to "true" in the server.properties file.
[20:23:14 INFO]: Preparing level "world"
[20:23:15 INFO]: Preparing start region for dimension minecraft:overworld
[20:23:16 INFO]: Time elapsed: 1241 ms
[20:23:16 INFO]: Preparing start region for dimension minecraft:the_nether
[20:23:17 INFO]: Time elapsed: 172 ms
[20:23:17 INFO]: Preparing start region for dimension minecraft:the_end
[20:23:17 INFO]: Time elapsed: 185 ms
[20:23:17 INFO]: [ViaVersion] Enabling ViaVersion v5.3.2
[20:23:17 INFO]: [ViaVersion] ViaVersion detected server version: 1.21-1.21.1 (767)
[20:23:17 INFO]: [ViaBackwards] Enabling ViaBackwards v5.3.2
[20:23:17 INFO]: [Essentials] Enabling Essentials v2.21.0
[20:23:17 ERROR]: [Essentials] You are running an unsupported server version!
[20:23:18 INFO]: [Essentials] Attempting to convert old kits in config.yml to new kits.yml
[20:23:18 INFO]: [Essentials] No kits found to migrate.
[20:23:18 INFO]: [Essentials] Selected 1.17.1+ World Info Provider as the provider for WorldInfoProvider
[20:23:18 INFO]: [Essentials] Selected Paper Tick Count Provider as the provider for TickCountProvider
[20:23:18 INFO]: [Essentials] Selected Paper Serialization Provider as the provider for SerializationProvider
[20:23:18 INFO]: [Essentials] Selected Paper Biome Key Provider as the provider for BiomeKeyProvider
[20:23:18 INFO]: [Essentials] Selected 1.14.4+ Persistent Data Container Provider as the provider for PersistentDataProvider
[20:23:18 INFO]: [Essentials] Selected Paper Container Provider as the provider for ContainerProvider
[20:23:18 INFO]: [Essentials] Selected 1.8.3+ Spawner Item Provider as the provider for SpawnerItemProvider
[20:23:18 INFO]: [Essentials] Selected 1.12.2+ Player Locale Provider as the provider for PlayerLocaleProvider
[20:23:18 INFO]: [Essentials] Selected Paper Material Tag Provider as the provider for MaterialTagProvider
[20:23:18 INFO]: [Essentials] Selected 1.20.6+ Potion Meta Provider as the provider for PotionMetaProvider
[20:23:18 INFO]: [Essentials] Selected Reflection Online Mode Provider as the provider for OnlineModeProvider
[20:23:18 INFO]: [Essentials] Selected Reflection Sync Commands Provider as the provider for SyncCommandsProvider
[20:23:18 INFO]: [Essentials] Selected 1.11+ Item Unbreakable Provider as the provider for ItemUnbreakableProvider
[20:23:18 INFO]: [Essentials] Selected 1.20.4+ Damage Event Provider as the provider for DamageEventProvider
[20:23:18 INFO]: [Essentials] Selected Paper Server State Provider as the provider for ServerStateProvider
[20:23:18 INFO]: [Essentials] Selected 1.20.5+ Banner Data Provider as the provider for BannerDataProvider
[20:23:18 INFO]: [Essentials] Selected Paper Known Commands Provider as the provider for KnownCommandsProvider
[20:23:18 INFO]: [Essentials] Selected 1.13+ Spawn Egg Provider as the provider for SpawnEggProvider
[20:23:18 INFO]: [Essentials] Selected 1.21+ InventoryView Interface ABI Provider as the provider for InventoryViewProvider
[20:23:18 INFO]: [Essentials] Selected 1.12+ Spawner Block Provider as the provider for SpawnerBlockProvider
[20:23:18 INFO]: [Essentials] Selected 1.14+ Sign Data Provider as the provider for SignDataProvider
[20:23:18 INFO]: [Essentials] Selected Reflection Formatted Command Alias Provider as the provider for FormattedCommandAliasProvider
[20:23:18 INFO]: [Essentials] Loaded 43465 items from items.json.
[20:23:18 INFO]: [Essentials] Using locale en
[20:23:18 INFO]: [Essentials] ServerListPingEvent: Spigot iterator API
[20:23:19 INFO]: [Essentials] Starting Metrics. Opt-out using the global bStats config.
[20:23:19 INFO]: [Essentials] Using Vault based permissions (LuckPerms)
[20:23:19 INFO]: [ViaRewind-Legacy-Support] Enabling ViaRewind-Legacy-Support v1.5.2
[20:23:19 INFO]: [AuthMe] Enabling AuthMe v5.7.0-SNAPSHOT-b2642
[20:23:19 INFO]: [AuthMe] SQLite Setup finished
[20:23:19 INFO]: [AuthMe] Hooked into LuckPerms!
[20:23:19 INFO]: [AuthMe] Hooked successfully into Essentials
[20:23:19 INFO]: [AuthMe] Essentials spawn file not found: '/home/ubuntu/server/mc/main/plugins/Essentials/spawn.yml'
[20:23:20 INFO]: [AuthMe] AuthMe 5.7.0-SNAPSHOT build n.2642 successfully enabled!
[20:23:20 INFO]: [BetterTeams] Enabling BetterTeams v4.12.0
[20:23:20 INFO]: [BetterTeams] [BetterTeams] Checking if the file messages.yml is up to date
[20:23:20 INFO]: [BetterTeams] [BetterTeams] File is up to date
[20:23:20 INFO]: [BetterTeams] Display team name config value: prefix
[20:23:20 INFO]: [BetterTeams] Loading below name. Type: PREFIX
[20:23:20 INFO]: [BetterTeams] teamManagement declared: com.booksaw.betterTeams.events.MCTeamManagement@6268fd85
[20:23:20 INFO]: [BountySeekers] Enabling BountySeekers v2.0.0
[20:23:20 INFO]: Enabled BountySeekers v2.0.0
[20:23:20 INFO]: Placeholder API not found - Skipping hook.
[20:23:20 INFO]: [AxTrade] Enabling AxTrade v1.15.1
[20:23:21 INFO]: [38;2;51;255;51m[AxTrade] Hooked into Vault![0m
[20:23:21 INFO]: [38;2;0;255;221m[AxTrade] Loaded plugin![0m
[20:23:21 INFO]: [Chunky] Enabling Chunky v1.4.36
[20:23:21 WARN]: Could not register alias sell because it contains commands that do not exist: economyshopgui:sellall $1-
[20:23:21 INFO]: [spark] Starting background profiler...
[20:23:22 INFO]: Done preparing level "world" (7.223s)
[20:23:22 INFO]: Running delayed init tasks
[20:23:22 INFO]: [Essentials] Essentials found a compatible payment resolution method: Vault Compatibility Layer (v2.10.0)!
[20:23:22 INFO]: [ViaVersion] Finished mapping loading, shutting down loader executor.
[20:23:22 INFO]: [Essentials] [38;2;255;170;0mFetching version information...[0m
[20:23:22 INFO]: [Chunky] No tasks to continue.
[20:23:22 INFO]: Done (26.764s)! For help, type "help"
[20:27:13 INFO]: Stopping server
[20:27:13 INFO]: [BungeeGuard] Disabling BungeeGuard v1.4.5
[20:27:13 INFO]: [Chunky] Disabling Chunky v1.4.36
[20:27:13 INFO]: [AxTrade] Disabling AxTrade v1.15.1
[20:27:13 INFO]: [BountySeekers] Disabling BountySeekers v2.0.0
[20:27:13 INFO]: Disabled BountySeekers v2.0.0
[20:27:13 INFO]: [BetterTeams] Disabling BetterTeams v4.12.0
[20:27:13 INFO]: [AuthMe] Disabling AuthMe v5.7.0-SNAPSHOT-b2642
[20:27:13 INFO]: [AuthMe] Waiting for 0 tasks to finish
[20:27:13 INFO]: [AuthMe] AuthMe 5.7.0-SNAPSHOT-b2642 disabled!
[20:27:13 INFO]: [ViaRewind-Legacy-Support] Disabling ViaRewind-Legacy-Support v1.5.2
[20:27:13 INFO]: [Essentials] Disabling Essentials v2.21.0
[20:27:13 INFO]: [ProtocolLib] Disabling ProtocolLib v5.3.0
[20:27:13 INFO]: [ViaRewind] Disabling ViaRewind v4.0.7
[20:27:13 INFO]: [Vault] Disabling Vault v2.10.0
[20:27:13 INFO]: [ViaBackwards] Disabling ViaBackwards v5.3.2
[20:27:13 INFO]: [LuckPerms] Disabling LuckPerms v5.4.145
[20:27:13 INFO]: [LuckPerms] Starting shutdown process...
[20:27:13 INFO]: [LuckPerms] Closing storage...
[20:27:13 INFO]: [LuckPerms] Goodbye!
[20:27:13 INFO]: [ViaVersion] Disabling ViaVersion v5.3.2
[20:27:13 INFO]: [ViaVersion] ViaVersion has been disabled; uninjected the platform and shut down the scheduler.
[20:27:13 INFO]: Saving players
[20:27:13 INFO]: Saving worlds
[20:27:13 INFO]: Saving chunks for level 'ServerLevel[world]'/minecraft:overworld
[20:27:13 INFO]: [ChunkHolderManager] Waiting 60s for chunk system to halt for world 'world'
[20:27:13 INFO]: [ChunkHolderManager] Halted chunk system for world 'world'
[20:27:13 INFO]: [ChunkHolderManager] Saving all chunkholders for world 'world'
[20:27:13 WARN]: Exception in thread "Thread-5" java.lang.NoClassDefFoundError: org/h2/api/ErrorCode
[20:27:13 WARN]: 	at org.h2.message.DbException.getJdbcSQLException(DbException.java:475)
[20:27:13 WARN]: 	at org.h2.message.DbException.get(DbException.java:212)
[20:27:13 WARN]: 	at org.h2.mvstore.db.Store.close(Store.java:402)
[20:27:13 WARN]: 	at org.h2.engine.Database.closeOpenFilesAndUnlock(Database.java:1261)
[20:27:13 WARN]: 	at org.h2.engine.Database.closeImpl(Database.java:1225)
[20:27:13 WARN]: 	at org.h2.engine.Database.close(Database.java:1144)
[20:27:13 WARN]: 	at org.h2.engine.OnExitDatabaseCloser.onShutdown(OnExitDatabaseCloser.java:85)
[20:27:13 WARN]: 	at org.h2.engine.OnExitDatabaseCloser.run(OnExitDatabaseCloser.java:114)
[20:27:13 WARN]: Caused by: java.lang.ClassNotFoundException: org.h2.api.ErrorCode
[20:27:13 WARN]: 	at java.base/java.net.URLClassLoader.findClass(URLClassLoader.java:445)
[20:27:13 WARN]: 	at java.base/java.lang.ClassLoader.loadClass(ClassLoader.java:593)
[20:27:13 WARN]: 	at java.base/java.lang.ClassLoader.loadClass(ClassLoader.java:526)
[20:27:13 WARN]: 	... 8 more
[20:27:13 INFO]: [ChunkHolderManager] Saved 49 block chunks, 49 entity chunks, 0 poi chunks in world 'world' in 0.24s
[20:27:13 INFO]: Saving chunks for level 'ServerLevel[world_nether]'/minecraft:the_nether
[20:27:13 INFO]: [ChunkHolderManager] Waiting 60s for chunk system to halt for world 'world_nether'
[20:27:13 INFO]: [ChunkHolderManager] Halted chunk system for world 'world_nether'
[20:27:13 INFO]: [ChunkHolderManager] Saving all chunkholders for world 'world_nether'
[20:27:13 INFO]: [ChunkHolderManager] Saved 49 block chunks, 49 entity chunks, 0 poi chunks in world 'world_nether' in 0.07s
[20:27:13 INFO]: Saving chunks for level 'ServerLevel[world_the_end]'/minecraft:the_end
[20:27:13 INFO]: [ChunkHolderManager] Waiting 60s for chunk system to halt for world 'world_the_end'
[20:27:13 INFO]: [ChunkHolderManager] Halted chunk system for world 'world_the_end'
[20:27:13 INFO]: [ChunkHolderManager] Saving all chunkholders for world 'world_the_end'
[20:27:13 INFO]: [ChunkHolderManager] Saved 49 block chunks, 49 entity chunks, 0 poi chunks in world 'world_the_end' in 0.07s
[20:27:13 INFO]: ThreadedAnvilChunkStorage (world): All chunks are saved
[20:27:13 INFO]: ThreadedAnvilChunkStorage (DIM-1): All chunks are saved
[20:27:13 INFO]: ThreadedAnvilChunkStorage (DIM1): All chunks are saved
[20:27:13 INFO]: ThreadedAnvilChunkStorage: All dimensions are saved
WARNING: Using incubator modules: jdk.incubator.vector
Starting org.bukkit.craftbukkit.Main
WARN StatusConsoleListener Advanced terminal features are not available in this environment
[20:19:51 INFO]: [bootstrap] Running Java 21 (OpenJDK 64-Bit Server VM 21.0.6+7-LTS; Eclipse Adoptium Temurin-21.0.6+7) on Linux 6.8.0-1023-oracle (aarch64)
[20:19:51 INFO]: [bootstrap] Loading Purpur 1.21.1-2329-ver/1.21.1@803bf62 (2024-10-31T20:25:04Z) for Minecraft 1.21.1
[20:19:52 INFO]: [PluginInitializerManager] Initializing plugins...
[20:19:52 INFO]: [PluginInitializerManager] Initialized 14 plugins
[20:19:52 INFO]: [PluginInitializerManager] Bukkit plugins (14):
 - AuthMe (5.7.0-SNAPSHOT-b2642), AxTrade (1.15.1), BetterTeams (4.12.0), BountySeekers (2.0.0), BungeeGuard (1.4.5), Chunky (1.4.36), Essentials (2.21.0), LuckPerms (5.4.145), ProtocolLib (5.3.0), Vault (2.10.0), ViaBackwards (5.3.2), ViaRewind (4.0.7), ViaRewind-Legacy-Support (1.5.2), ViaVersion (5.3.2)
[20:19:58 INFO]: Environment: Environment[sessionHost=https://sessionserver.mojang.com, servicesHost=https://api.minecraftservices.com, name=PROD]
[20:20:01 INFO]: Loaded 1290 recipes
[20:20:01 INFO]: Loaded 1399 advancements
[20:20:01 INFO]: Starting minecraft server version 1.21.1
[20:20:01 INFO]: Loading properties
[20:20:01 INFO]: This server is running Purpur version 1.21.1-2329-ver/1.21.1@803bf62 (2024-10-31T20:25:04Z) (Implementing API version 1.21.1-R0.1-SNAPSHOT)
[20:20:02 INFO]: [spark] This server bundles the spark profiler. For more information please visit https://docs.papermc.io/paper/profiling
[20:20:02 INFO]: Server Ping Player Sample Count: 12
[20:20:02 INFO]: Using 4 threads for Netty based IO
[20:20:03 INFO]: [ChunkTaskScheduler] Chunk system is using 1 I/O threads, 1 worker threads, and population gen parallelism of 1 threads
[20:20:04 ERROR]: [TerminalConsole] Failed to read console input
java.io.IOException: Bad file descriptor
	at java.base/java.io.FileInputStream.readBytes(Native Method) ~[?:?]
	at java.base/java.io.FileInputStream.read(FileInputStream.java:287) ~[?:?]
	at java.base/java.io.BufferedInputStream.read1(BufferedInputStream.java:345) ~[?:?]
	at java.base/java.io.BufferedInputStream.implRead(BufferedInputStream.java:420) ~[?:?]
	at java.base/java.io.BufferedInputStream.read(BufferedInputStream.java:399) ~[?:?]
	at java.base/sun.nio.cs.StreamDecoder.readBytes(StreamDecoder.java:350) ~[?:?]
	at java.base/sun.nio.cs.StreamDecoder.implRead(StreamDecoder.java:393) ~[?:?]
	at java.base/sun.nio.cs.StreamDecoder.lockedRead(StreamDecoder.java:217) ~[?:?]
	at java.base/sun.nio.cs.StreamDecoder.read(StreamDecoder.java:171) ~[?:?]
	at java.base/java.io.InputStreamReader.read(InputStreamReader.java:188) ~[?:?]
	at java.base/java.io.BufferedReader.fill(BufferedReader.java:160) ~[?:?]
	at java.base/java.io.BufferedReader.implReadLine(BufferedReader.java:370) ~[?:?]
	at java.base/java.io.BufferedReader.readLine(BufferedReader.java:347) ~[?:?]
	at java.base/java.io.BufferedReader.readLine(BufferedReader.java:436) ~[?:?]
	at net.minecrell.terminalconsole.SimpleTerminalConsole.readCommands(SimpleTerminalConsole.java:180) ~[terminalconsoleappender-1.3.0.jar:?]
	at net.minecrell.terminalconsole.SimpleTerminalConsole.start(SimpleTerminalConsole.java:143) ~[terminalconsoleappender-1.3.0.jar:?]
	at net.minecraft.server.dedicated.DedicatedServer$1.run(DedicatedServer.java:118) ~[purpur-1.21.1.jar:1.21.1-2329-803bf62]
[20:20:04 INFO]: [Pufferfish] Max SIMD vector size on this system is 128 bits (int)
[20:20:04 INFO]: [Pufferfish] Max SIMD vector size on this system is 128 bits (float)
[20:20:04 INFO]: [Pufferfish] SIMD operations detected as functional. Will replace some operations with faster versions.
[20:20:04 INFO]: Default game type: SURVIVAL
[20:20:04 INFO]: Generating keypair
[20:20:04 INFO]: Starting Minecraft server on localhost:25567
[20:20:04 INFO]: Using epoll channel type
[20:20:04 INFO]: Paper: Using libdeflate (Linux aarch64) compression from Velocity.
[20:20:04 INFO]: Paper: Using OpenSSL 3.x.x (Linux aarch64) cipher from Velocity.
[20:20:05 INFO]: [SpigotLibraryLoader] [AuthMe] Loading 17 libraries... please wait
[20:20:05 INFO]: [SpigotLibraryLoader] [AuthMe] Loaded library /home/ubuntu/server/mc/main/libraries/ch/jalu/injector/1.0/injector-1.0.jar
[20:20:05 INFO]: [SpigotLibraryLoader] [AuthMe] Loaded library /home/ubuntu/server/mc/main/libraries/javax/inject/javax.inject/1/javax.inject-1.jar
[20:20:05 INFO]: [SpigotLibraryLoader] [AuthMe] Loaded library /home/ubuntu/server/mc/main/libraries/javax/annotation/javax.annotation-api/1.3.1/javax.annotation-api-1.3.1.jar
[20:20:05 INFO]: [SpigotLibraryLoader] [AuthMe] Loaded library /home/ubuntu/server/mc/main/libraries/net/ricecode/string-similarity/1.0.0/string-similarity-1.0.0.jar
[20:20:05 INFO]: [SpigotLibraryLoader] [AuthMe] Loaded library /home/ubuntu/server/mc/main/libraries/com/maxmind/geoip2/geoip2/4.2.0/geoip2-4.2.0.jar
[20:20:05 INFO]: [SpigotLibraryLoader] [AuthMe] Loaded library /home/ubuntu/server/mc/main/libraries/com/maxmind/db/maxmind-db/3.1.0/maxmind-db-3.1.0.jar
[20:20:05 INFO]: [SpigotLibraryLoader] [AuthMe] Loaded library /home/ubuntu/server/mc/main/libraries/com/fasterxml/jackson/core/jackson-databind/2.16.0/jackson-databind-2.16.0.jar
[20:20:05 INFO]: [SpigotLibraryLoader] [AuthMe] Loaded library /home/ubuntu/server/mc/main/libraries/com/fasterxml/jackson/core/jackson-core/2.16.0/jackson-core-2.16.0.jar
[20:20:05 INFO]: [SpigotLibraryLoader] [AuthMe] Loaded library /home/ubuntu/server/mc/main/libraries/com/fasterxml/jackson/core/jackson-annotations/2.16.0/jackson-annotations-2.16.0.jar
[20:20:05 INFO]: [SpigotLibraryLoader] [AuthMe] Loaded library /home/ubuntu/server/mc/main/libraries/javatar/javatar/2.5/javatar-2.5.jar
[20:20:05 INFO]: [SpigotLibraryLoader] [AuthMe] Loaded library /home/ubuntu/server/mc/main/libraries/org/apache/commons/commons-email/1.6.0/commons-email-1.6.0.jar
[20:20:05 INFO]: [SpigotLibraryLoader] [AuthMe] Loaded library /home/ubuntu/server/mc/main/libraries/com/sun/mail/jakarta.mail/1.6.7/jakarta.mail-1.6.7.jar
[20:20:05 INFO]: [SpigotLibraryLoader] [AuthMe] Loaded library /home/ubuntu/server/mc/main/libraries/com/sun/activation/jakarta.activation/1.2.1/jakarta.activation-1.2.1.jar
[20:20:05 INFO]: [SpigotLibraryLoader] [AuthMe] Loaded library /home/ubuntu/server/mc/main/libraries/com/zaxxer/HikariCP/5.1.0/HikariCP-5.1.0.jar
[20:20:05 INFO]: [SpigotLibraryLoader] [AuthMe] Loaded library /home/ubuntu/server/mc/main/libraries/org/slf4j/slf4j-api/1.7.36/slf4j-api-1.7.36.jar
[20:20:05 INFO]: [SpigotLibraryLoader] [AuthMe] Loaded library /home/ubuntu/server/mc/main/libraries/org/slf4j/slf4j-simple/2.0.13/slf4j-simple-2.0.13.jar
[20:20:05 INFO]: [SpigotLibraryLoader] [AuthMe] Loaded library /home/ubuntu/server/mc/main/libraries/ch/jalu/datasourcecolumns/0.1.2/datasourcecolumns-0.1.2.jar
[20:20:05 INFO]: [SpigotLibraryLoader] [AuthMe] Loaded library /home/ubuntu/server/mc/main/libraries/com/mysql/mysql-connector-j/8.4.0/mysql-connector-j-8.4.0.jar
[20:20:05 INFO]: [SpigotLibraryLoader] [AuthMe] Loaded library /home/ubuntu/server/mc/main/libraries/com/google/protobuf/protobuf-java/3.25.1/protobuf-java-3.25.1.jar
[20:20:05 INFO]: [SpigotLibraryLoader] [AuthMe] Loaded library /home/ubuntu/server/mc/main/libraries/org/mariadb/jdbc/mariadb-java-client/3.4.0/mariadb-java-client-3.4.0.jar
[20:20:05 INFO]: [SpigotLibraryLoader] [AuthMe] Loaded library /home/ubuntu/server/mc/main/libraries/com/github/waffle/waffle-jna/3.3.0/waffle-jna-3.3.0.jar
[20:20:05 INFO]: [SpigotLibraryLoader] [AuthMe] Loaded library /home/ubuntu/server/mc/main/libraries/net/java/dev/jna/jna-platform/5.13.0/jna-platform-5.13.0.jar
[20:20:05 INFO]: [SpigotLibraryLoader] [AuthMe] Loaded library /home/ubuntu/server/mc/main/libraries/org/slf4j/jcl-over-slf4j/2.0.7/jcl-over-slf4j-2.0.7.jar
[20:20:05 INFO]: [SpigotLibraryLoader] [AuthMe] Loaded library /home/ubuntu/server/mc/main/libraries/com/github/ben-manes/caffeine/caffeine/2.9.3/caffeine-2.9.3.jar
[20:20:05 INFO]: [SpigotLibraryLoader] [AuthMe] Loaded library /home/ubuntu/server/mc/main/libraries/com/google/errorprone/error_prone_annotations/2.10.0/error_prone_annotations-2.10.0.jar
[20:20:05 INFO]: [SpigotLibraryLoader] [AuthMe] Loaded library /home/ubuntu/server/mc/main/libraries/org/postgresql/postgresql/42.7.3/postgresql-42.7.3.jar
[20:20:05 INFO]: [SpigotLibraryLoader] [AuthMe] Loaded library /home/ubuntu/server/mc/main/libraries/org/checkerframework/checker-qual/3.42.0/checker-qual-3.42.0.jar
[20:20:05 INFO]: [SpigotLibraryLoader] [AuthMe] Loaded library /home/ubuntu/server/mc/main/libraries/de/rtner/PBKDF2/1.1.4/PBKDF2-1.1.4.jar
[20:20:05 INFO]: [SpigotLibraryLoader] [AuthMe] Loaded library /home/ubuntu/server/mc/main/libraries/org/picketbox/picketbox/4.0.21.Final/picketbox-4.0.21.Final.jar
[20:20:05 INFO]: [SpigotLibraryLoader] [AuthMe] Loaded library /home/ubuntu/server/mc/main/libraries/de/mkammerer/argon2-jvm-nolibs/2.11/argon2-jvm-nolibs-2.11.jar
[20:20:05 INFO]: [SpigotLibraryLoader] [AuthMe] Loaded library /home/ubuntu/server/mc/main/libraries/net/java/dev/jna/jna/5.8.0/jna-5.8.0.jar
[20:20:05 INFO]: [SpigotLibraryLoader] [AuthMe] Loaded library /home/ubuntu/server/mc/main/libraries/at/favre/lib/bcrypt/0.10.2/bcrypt-0.10.2.jar
[20:20:05 INFO]: [SpigotLibraryLoader] [AuthMe] Loaded library /home/ubuntu/server/mc/main/libraries/at/favre/lib/bytes/1.5.0/bytes-1.5.0.jar
[20:20:05 INFO]: [SpigotLibraryLoader] [AuthMe] Loaded library /home/ubuntu/server/mc/main/libraries/com/warrenstrange/googleauth/1.5.0/googleauth-1.5.0.jar
[20:20:05 INFO]: [SpigotLibraryLoader] [AuthMe] Loaded library /home/ubuntu/server/mc/main/libraries/commons-codec/commons-codec/1.14/commons-codec-1.14.jar
[20:20:05 INFO]: [SpigotLibraryLoader] [AuthMe] Loaded library /home/ubuntu/server/mc/main/libraries/org/apache/httpcomponents/httpclient/4.5.12/httpclient-4.5.12.jar
[20:20:05 INFO]: [SpigotLibraryLoader] [AuthMe] Loaded library /home/ubuntu/server/mc/main/libraries/org/apache/httpcomponents/httpcore/4.4.13/httpcore-4.4.13.jar
[20:20:05 INFO]: [SpigotLibraryLoader] [AuthMe] Loaded library /home/ubuntu/server/mc/main/libraries/commons-logging/commons-logging/1.2/commons-logging-1.2.jar
[20:20:05 INFO]: [SpigotLibraryLoader] [AuthMe] Loaded library /home/ubuntu/server/mc/main/libraries/ch/jalu/configme/1.3.1/configme-1.3.1.jar
[20:20:05 INFO]: [SpigotLibraryLoader] [AuthMe] Loaded library /home/ubuntu/server/mc/main/libraries/org/yaml/snakeyaml/2.0/snakeyaml-2.0.jar
[20:20:05 INFO]: [SpigotLibraryLoader] [AuthMe] Loaded library /home/ubuntu/server/mc/main/libraries/org/bstats/bstats-bukkit/3.0.2/bstats-bukkit-3.0.2.jar
[20:20:05 INFO]: [SpigotLibraryLoader] [AuthMe] Loaded library /home/ubuntu/server/mc/main/libraries/org/bstats/bstats-base/3.0.2/bstats-base-3.0.2.jar
[20:20:05 INFO]: [ViaVersion] Loading server plugin ViaVersion v5.3.2
[20:20:05 INFO]: [ViaVersion] ViaVersion 5.3.2 is now loaded. Registering protocol transformers and injecting...
[20:20:06 INFO]: [ViaVersion] Loading block connection mappings ...
[20:20:06 INFO]: [ViaVersion] Using FastUtil Long2ObjectOpenHashMap for block connections
[20:20:06 INFO]: [ViaBackwards] Loading translations...
[20:20:07 INFO]: [ViaBackwards] Registering protocols...
[20:20:07 INFO]: [ViaRewind] Registering protocols...
[20:20:07 INFO]: [LuckPerms] Loading server plugin LuckPerms v5.4.145
[20:20:08 INFO]: [ViaBackwards] Loading server plugin ViaBackwards v5.3.2
[20:20:08 INFO]: [Vault] Loading server plugin Vault v2.10.0
[20:20:08 INFO]: [ViaRewind] Loading server plugin ViaRewind v4.0.7
[20:20:08 INFO]: [ProtocolLib] Loading server plugin ProtocolLib v5.3.0
[20:20:08 INFO]: [Essentials] Loading server plugin Essentials v2.21.0
[20:20:08 INFO]: [ViaRewind-Legacy-Support] Loading server plugin ViaRewind-Legacy-Support v1.5.2
[20:20:08 INFO]: [AuthMe] Loading server plugin AuthMe v5.7.0-SNAPSHOT-b2642
[20:20:08 INFO]: [BetterTeams] Loading server plugin BetterTeams v4.12.0
[20:20:08 INFO]: [BetterTeams] [BetterTeams] Checking if the file config.yml is up to date
[20:20:08 INFO]: [BetterTeams] [BetterTeams] File is up to date
[20:20:08 INFO]: [BountySeekers] Loading server plugin BountySeekers v2.0.0
[20:20:08 INFO]: [AxTrade] Loading server plugin AxTrade v1.15.1
[20:20:08 INFO]: [Chunky] Loading server plugin Chunky v1.4.36
[20:20:08 INFO]: [BungeeGuard] Loading server plugin BungeeGuard v1.4.5
[20:20:08 INFO]: Server permissions file permissions.yml is empty, ignoring it
[20:20:08 INFO]: [LuckPerms] Enabling LuckPerms v5.4.145
[20:20:08 INFO]: [38;2;85;255;255m       [38;2;0;170;170m __    [0m
[20:20:08 INFO]: [38;2;85;255;255m  |    [38;2;0;170;170m|__)   [38;2;0;170;0mLuckPerms[0m [38;2;85;255;255mv5.4.145[0m
[20:20:08 INFO]: [38;2;85;255;255m  |___ [38;2;0;170;170m|      [38;2;85;85;85mRunning on Bukkit - Purpur[0m
[20:20:08 INFO]: 
[20:20:08 INFO]: [LuckPerms] Loading configuration...
[20:20:09 INFO]: [LuckPerms] Loading storage provider... [H2]
[20:20:09 INFO]: [LuckPerms] Loading internal permission managers...
[20:20:09 INFO]: [LuckPerms] Performing initial data load...
[20:20:09 INFO]: [LuckPerms] Successfully enabled. (took 1537ms)
[20:20:09 INFO]: [Vault] Enabling Vault v2.10.0
[20:20:09 INFO]: [Vault] Enabled Version 2.10.0
[20:20:09 INFO]: [LuckPerms] Registered Vault permission & chat hook.
[20:20:09 INFO]: [ViaRewind] Enabling ViaRewind v4.0.7
[20:20:09 INFO]: [ProtocolLib] Enabling ProtocolLib v5.3.0
[20:20:10 INFO]: [BungeeGuard] Enabling BungeeGuard v1.4.5
[20:20:10 INFO]: [BungeeGuard] Using Paper's PlayerHandshakeEvent to listen for connections.
[20:20:10 WARN]: **** SERVER IS RUNNING IN OFFLINE/INSECURE MODE!
[20:20:10 WARN]: The server will make no attempt to authenticate usernames. Beware.
[20:20:10 WARN]: Whilst this makes it possible to use BungeeCord, unless access to your server is properly restricted, it also opens up the ability for hackers to connect with any username they choose.
[20:20:10 WARN]: Please see http://www.spigotmc.org/wiki/firewall-guide/ for further information.
[20:20:10 WARN]: To change this, set "online-mode" to "true" in the server.properties file.
[20:20:10 INFO]: Preparing level "world"
[20:20:10 INFO]: Preparing start region for dimension minecraft:overworld
[20:20:11 INFO]: Time elapsed: 455 ms
[20:20:11 INFO]: Preparing start region for dimension minecraft:the_nether
[20:20:12 INFO]: Time elapsed: 943 ms
[20:20:12 INFO]: Preparing start region for dimension minecraft:the_end
[20:20:12 INFO]: Time elapsed: 135 ms
[20:20:12 INFO]: [ViaVersion] Enabling ViaVersion v5.3.2
[20:20:12 INFO]: [ViaVersion] ViaVersion detected server version: 1.21-1.21.1 (767)
[20:20:12 INFO]: [ViaBackwards] Enabling ViaBackwards v5.3.2
[20:20:12 INFO]: [Essentials] Enabling Essentials v2.21.0
[20:20:12 ERROR]: [Essentials] You are running an unsupported server version!
[20:20:13 INFO]: [Essentials] Attempting to convert old kits in config.yml to new kits.yml
[20:20:13 INFO]: [Essentials] No kits found to migrate.
[20:20:13 INFO]: [Essentials] Selected 1.20.4+ Damage Event Provider as the provider for DamageEventProvider
[20:20:13 INFO]: [Essentials] Selected 1.11+ Item Unbreakable Provider as the provider for ItemUnbreakableProvider
[20:20:13 INFO]: [Essentials] Selected Paper Tick Count Provider as the provider for TickCountProvider
[20:20:13 INFO]: [Essentials] Selected 1.14.4+ Persistent Data Container Provider as the provider for PersistentDataProvider
[20:20:13 INFO]: [Essentials] Selected Paper Known Commands Provider as the provider for KnownCommandsProvider
[20:20:13 INFO]: [Essentials] Selected 1.13+ Spawn Egg Provider as the provider for SpawnEggProvider
[20:20:13 INFO]: [Essentials] Selected 1.21+ InventoryView Interface ABI Provider as the provider for InventoryViewProvider
[20:20:13 INFO]: [Essentials] Selected 1.17.1+ World Info Provider as the provider for WorldInfoProvider
[20:20:13 INFO]: [Essentials] Selected Reflection Online Mode Provider as the provider for OnlineModeProvider
[20:20:13 INFO]: [Essentials] Selected 1.20.6+ Potion Meta Provider as the provider for PotionMetaProvider
[20:20:13 INFO]: [Essentials] Selected 1.14+ Sign Data Provider as the provider for SignDataProvider
[20:20:13 INFO]: [Essentials] Selected Paper Material Tag Provider as the provider for MaterialTagProvider
[20:20:13 INFO]: [Essentials] Selected 1.8.3+ Spawner Item Provider as the provider for SpawnerItemProvider
[20:20:13 INFO]: [Essentials] Selected Reflection Sync Commands Provider as the provider for SyncCommandsProvider
[20:20:13 INFO]: [Essentials] Selected Paper Serialization Provider as the provider for SerializationProvider
[20:20:13 INFO]: [Essentials] Selected Paper Container Provider as the provider for ContainerProvider
[20:20:13 INFO]: [Essentials] Selected 1.12+ Spawner Block Provider as the provider for SpawnerBlockProvider
[20:20:13 INFO]: [Essentials] Selected 1.12.2+ Player Locale Provider as the provider for PlayerLocaleProvider
[20:20:13 INFO]: [Essentials] Selected Paper Biome Key Provider as the provider for BiomeKeyProvider
[20:20:13 INFO]: [Essentials] Selected 1.20.5+ Banner Data Provider as the provider for BannerDataProvider
[20:20:13 INFO]: [Essentials] Selected Reflection Formatted Command Alias Provider as the provider for FormattedCommandAliasProvider
[20:20:13 INFO]: [Essentials] Selected Paper Server State Provider as the provider for ServerStateProvider
[20:20:13 INFO]: [Essentials] Loaded 43465 items from items.json.
[20:20:13 INFO]: [Essentials] Using locale en
[20:20:13 INFO]: [Essentials] ServerListPingEvent: Spigot iterator API
[20:20:14 INFO]: [Essentials] Starting Metrics. Opt-out using the global bStats config.
[20:20:14 INFO]: [Essentials] Using Vault based permissions (LuckPerms)
[20:20:14 INFO]: [ViaRewind-Legacy-Support] Enabling ViaRewind-Legacy-Support v1.5.2
[20:20:14 INFO]: [AuthMe] Enabling AuthMe v5.7.0-SNAPSHOT-b2642
[20:20:14 INFO]: [AuthMe] SQLite Setup finished
[20:20:14 INFO]: [AuthMe] Hooked into LuckPerms!
[20:20:14 INFO]: [AuthMe] Hooked successfully into Essentials
[20:20:14 INFO]: [AuthMe] Essentials spawn file not found: '/home/ubuntu/server/mc/main/plugins/Essentials/spawn.yml'
[20:20:15 INFO]: [AuthMe] AuthMe 5.7.0-SNAPSHOT build n.2642 successfully enabled!
[20:20:15 INFO]: [BetterTeams] Enabling BetterTeams v4.12.0
[20:20:15 INFO]: [BetterTeams] [BetterTeams] Checking if the file messages.yml is up to date
[20:20:15 INFO]: [BetterTeams] [BetterTeams] File is up to date
[20:20:15 INFO]: [BetterTeams] Display team name config value: prefix
[20:20:15 INFO]: [BetterTeams] Loading below name. Type: PREFIX
[20:20:15 INFO]: [BetterTeams] teamManagement declared: com.booksaw.betterTeams.events.MCTeamManagement@502a3347
[20:20:15 INFO]: [BountySeekers] Enabling BountySeekers v2.0.0
[20:20:15 INFO]: Enabled BountySeekers v2.0.0
[20:20:15 INFO]: Placeholder API not found - Skipping hook.
[20:20:15 INFO]: [AxTrade] Enabling AxTrade v1.15.1
[20:20:15 INFO]: [38;2;51;255;51m[AxTrade] Hooked into Vault![0m
[20:20:16 INFO]: [38;2;0;255;221m[AxTrade] Loaded plugin![0m
[20:20:16 INFO]: [Chunky] Enabling Chunky v1.4.36
[20:20:16 WARN]: Could not register alias sell because it contains commands that do not exist: economyshopgui:sellall $1-
[20:20:16 INFO]: [spark] Starting background profiler...
[20:20:16 INFO]: Done preparing level "world" (6.931s)
[20:20:16 INFO]: Running delayed init tasks
[20:20:16 INFO]: [Essentials] Essentials found a compatible payment resolution method: Vault Compatibility Layer (v2.10.0)!
[20:20:16 INFO]: [ViaVersion] Finished mapping loading, shutting down loader executor.
[20:20:16 INFO]: [Essentials] [38;2;255;170;0mFetching version information...[0m
[20:20:17 INFO]: [Chunky] No tasks to continue.
[20:20:17 INFO]: Done (26.620s)! For help, type "help"
[20:23:07 INFO]: UUID of player iatepancakes is 0f941c54-ac6d-3f20-b2bc-54be40e3bfda
[20:23:08 INFO]: [38;2;255;255;85miatepancakes joined the game[0m
[20:23:09 INFO]: iatepancakes[/64.150.2.26:59854] logged in with entity id 13 at ([world_nether]406.4626359767889, 74.95941379691861, -605.2804911051837)
[20:23:09 INFO]: Stopping server
[20:23:09 INFO]: [BungeeGuard] Disabling BungeeGuard v1.4.5
[20:23:09 INFO]: [Chunky] Disabling Chunky v1.4.36
[20:23:09 INFO]: [AxTrade] Disabling AxTrade v1.15.1
[20:23:09 INFO]: [BountySeekers] Disabling BountySeekers v2.0.0
[20:23:09 INFO]: Disabled BountySeekers v2.0.0
[20:23:09 INFO]: [BetterTeams] Disabling BetterTeams v4.12.0
[20:23:09 INFO]: [AuthMe] Disabling AuthMe v5.7.0-SNAPSHOT-b2642
[20:23:09 INFO]: [AuthMe] Waiting for 0 tasks to finish
[20:23:09 INFO]: [AuthMe] AuthMe 5.7.0-SNAPSHOT-b2642 disabled!
[20:23:09 INFO]: [ViaRewind-Legacy-Support] Disabling ViaRewind-Legacy-Support v1.5.2
[20:23:09 INFO]: [Essentials] Disabling Essentials v2.21.0
[20:23:09 INFO]: [ProtocolLib] Disabling ProtocolLib v5.3.0
[20:23:09 INFO]: [ViaRewind] Disabling ViaRewind v4.0.7
[20:23:09 INFO]: [Vault] Disabling Vault v2.10.0
[20:23:09 INFO]: [ViaBackwards] Disabling ViaBackwards v5.3.2
[20:23:09 INFO]: [LuckPerms] Disabling LuckPerms v5.4.145
[20:23:09 INFO]: [LuckPerms] Starting shutdown process...
[20:23:09 INFO]: [LuckPerms] Closing storage...
[20:23:09 INFO]: [LuckPerms] Goodbye!
[20:23:09 INFO]: [ViaVersion] Disabling ViaVersion v5.3.2
[20:23:09 INFO]: [ViaVersion] ViaVersion has been disabled; uninjected the platform and shut down the scheduler.
[20:23:09 INFO]: Saving players
[20:23:09 WARN]: Exception in thread "Thread-6" java.lang.NoClassDefFoundError: org/h2/api/ErrorCode
[20:23:09 WARN]: 	at org.h2.message.DbException.getJdbcSQLException(DbException.java:475)
[20:23:09 WARN]: 	at org.h2.message.DbException.get(DbException.java:212)
[20:23:09 WARN]: 	at org.h2.mvstore.db.Store.close(Store.java:402)
[20:23:09 WARN]: 	at org.h2.engine.Database.closeOpenFilesAndUnlock(Database.java:1261)
[20:23:09 WARN]: 	at org.h2.engine.Database.closeImpl(Database.java:1225)
[20:23:09 WARN]: 	at org.h2.engine.Database.close(Database.java:1144)
[20:23:09 WARN]: 	at org.h2.engine.OnExitDatabaseCloser.onShutdown(OnExitDatabaseCloser.java:85)
[20:23:09 WARN]: 	at org.h2.engine.OnExitDatabaseCloser.run(OnExitDatabaseCloser.java:114)
[20:23:09 WARN]: Caused by: java.lang.ClassNotFoundException: org.h2.api.ErrorCode
[20:23:09 WARN]: 	at java.base/java.net.URLClassLoader.findClass(URLClassLoader.java:445)
[20:23:09 WARN]: 	at java.base/java.lang.ClassLoader.loadClass(ClassLoader.java:593)
[20:23:09 WARN]: 	at java.base/java.lang.ClassLoader.loadClass(ClassLoader.java:526)
[20:23:09 WARN]: 	... 8 more
[20:23:09 INFO]: iatepancakes lost connection: Server closed
[20:23:09 INFO]: [38;2;255;255;85miatepancakes left the game[0m
[20:23:09 INFO]: Saving worlds
[20:23:09 INFO]: Saving chunks for level 'ServerLevel[world]'/minecraft:overworld
[20:23:09 INFO]: [ChunkHolderManager] Waiting 60s for chunk system to halt for world 'world'
[20:23:09 INFO]: [ChunkHolderManager] Halted chunk system for world 'world'
[20:23:09 INFO]: [ChunkHolderManager] Saving all chunkholders for world 'world'
[20:23:09 INFO]: [ChunkHolderManager] Saved 49 block chunks, 49 entity chunks, 0 poi chunks in world 'world' in 0.26s
[20:23:09 INFO]: Saving chunks for level 'ServerLevel[world_nether]'/minecraft:the_nether
[20:23:09 INFO]: [ChunkHolderManager] Waiting 60s for chunk system to halt for world 'world_nether'
[20:23:09 INFO]: [ChunkHolderManager] Halted chunk system for world 'world_nether'
[20:23:09 INFO]: [ChunkHolderManager] Saving all chunkholders for world 'world_nether'
[20:23:10 INFO]: [ChunkHolderManager] Saved 50 block chunks, 50 entity chunks, 0 poi chunks in world 'world_nether' in 0.10s
[20:23:10 INFO]: Saving chunks for level 'ServerLevel[world_the_end]'/minecraft:the_end
[20:23:10 INFO]: [ChunkHolderManager] Waiting 60s for chunk system to halt for world 'world_the_end'
[20:23:10 INFO]: [ChunkHolderManager] Halted chunk system for world 'world_the_end'
[20:23:10 INFO]: [ChunkHolderManager] Saving all chunkholders for world 'world_the_end'
[20:23:10 INFO]: [ChunkHolderManager] Saved 49 block chunks, 49 entity chunks, 0 poi chunks in world 'world_the_end' in 0.05s
[20:23:10 INFO]: ThreadedAnvilChunkStorage (world): All chunks are saved
[20:23:10 INFO]: ThreadedAnvilChunkStorage (DIM-1): All chunks are saved
[20:23:10 INFO]: ThreadedAnvilChunkStorage (DIM1): All chunks are saved
[20:23:10 INFO]: ThreadedAnvilChunkStorage: All dimensions are saved
Server restarting...
Press CTRL + C to stop.
WARNING: Using incubator modules: jdk.incubator.vector
Starting org.bukkit.craftbukkit.Main
WARN StatusConsoleListener Advanced terminal features are not available in this environment
[20:23:15 INFO]: [bootstrap] Running Java 21 (OpenJDK 64-Bit Server VM 21.0.6+7-LTS; Eclipse Adoptium Temurin-21.0.6+7) on Linux 6.8.0-1023-oracle (aarch64)
[20:23:15 INFO]: [bootstrap] Loading Purpur 1.21.1-2329-ver/1.21.1@803bf62 (2024-10-31T20:25:04Z) for Minecraft 1.21.1
[20:23:16 INFO]: [PluginInitializerManager] Initializing plugins...
[20:23:16 INFO]: [PluginInitializerManager] Initialized 14 plugins
[20:23:16 INFO]: [PluginInitializerManager] Bukkit plugins (14):
 - AuthMe (5.7.0-SNAPSHOT-b2642), AxTrade (1.15.1), BetterTeams (4.12.0), BountySeekers (2.0.0), BungeeGuard (1.4.5), Chunky (1.4.36), Essentials (2.21.0), LuckPerms (5.4.145), ProtocolLib (5.3.0), Vault (2.10.0), ViaBackwards (5.3.2), ViaRewind (4.0.7), ViaRewind-Legacy-Support (1.5.2), ViaVersion (5.3.2)
[20:23:21 INFO]: Environment: Environment[sessionHost=https://sessionserver.mojang.com, servicesHost=https://api.minecraftservices.com, name=PROD]
[20:23:22 INFO]: Loaded 1290 recipes
[20:23:23 INFO]: Loaded 1399 advancements
[20:23:23 INFO]: Starting minecraft server version 1.21.1
[20:23:23 INFO]: Loading properties
[20:23:23 INFO]: This server is running Purpur version 1.21.1-2329-ver/1.21.1@803bf62 (2024-10-31T20:25:04Z) (Implementing API version 1.21.1-R0.1-SNAPSHOT)
[20:23:24 INFO]: [spark] This server bundles the spark profiler. For more information please visit https://docs.papermc.io/paper/profiling
[20:23:24 INFO]: Server Ping Player Sample Count: 12
[20:23:24 INFO]: Using 4 threads for Netty based IO
[20:23:25 INFO]: [ChunkTaskScheduler] Chunk system is using 1 I/O threads, 1 worker threads, and population gen parallelism of 1 threads
[20:23:25 ERROR]: [TerminalConsole] Failed to read console input
java.io.IOException: Bad file descriptor
	at java.base/java.io.FileInputStream.readBytes(Native Method) ~[?:?]
	at java.base/java.io.FileInputStream.read(FileInputStream.java:287) ~[?:?]
	at java.base/java.io.BufferedInputStream.read1(BufferedInputStream.java:345) ~[?:?]
	at java.base/java.io.BufferedInputStream.implRead(BufferedInputStream.java:420) ~[?:?]
	at java.base/java.io.BufferedInputStream.read(BufferedInputStream.java:399) ~[?:?]
	at java.base/sun.nio.cs.StreamDecoder.readBytes(StreamDecoder.java:350) ~[?:?]
	at java.base/sun.nio.cs.StreamDecoder.implRead(StreamDecoder.java:393) ~[?:?]
	at java.base/sun.nio.cs.StreamDecoder.lockedRead(StreamDecoder.java:217) ~[?:?]
	at java.base/sun.nio.cs.StreamDecoder.read(StreamDecoder.java:171) ~[?:?]
	at java.base/java.io.InputStreamReader.read(InputStreamReader.java:188) ~[?:?]
	at java.base/java.io.BufferedReader.fill(BufferedReader.java:160) ~[?:?]
	at java.base/java.io.BufferedReader.implReadLine(BufferedReader.java:370) ~[?:?]
	at java.base/java.io.BufferedReader.readLine(BufferedReader.java:347) ~[?:?]
	at java.base/java.io.BufferedReader.readLine(BufferedReader.java:436) ~[?:?]
	at net.minecrell.terminalconsole.SimpleTerminalConsole.readCommands(SimpleTerminalConsole.java:180) ~[terminalconsoleappender-1.3.0.jar:?]
	at net.minecrell.terminalconsole.SimpleTerminalConsole.start(SimpleTerminalConsole.java:143) ~[terminalconsoleappender-1.3.0.jar:?]
	at net.minecraft.server.dedicated.DedicatedServer$1.run(DedicatedServer.java:118) ~[purpur-1.21.1.jar:1.21.1-2329-803bf62]
[20:23:25 INFO]: [Pufferfish] Max SIMD vector size on this system is 128 bits (int)
[20:23:25 INFO]: [Pufferfish] Max SIMD vector size on this system is 128 bits (float)
[20:23:25 INFO]: [Pufferfish] SIMD operations detected as functional. Will replace some operations with faster versions.
[20:23:25 INFO]: Default game type: SURVIVAL
[20:23:25 INFO]: Generating keypair
[20:23:25 INFO]: Starting Minecraft server on localhost:25567
[20:23:26 INFO]: Using epoll channel type
[20:23:26 INFO]: Paper: Using libdeflate (Linux aarch64) compression from Velocity.
[20:23:26 INFO]: Paper: Using OpenSSL 3.x.x (Linux aarch64) cipher from Velocity.
[20:23:26 INFO]: [SpigotLibraryLoader] [AuthMe] Loading 17 libraries... please wait
[20:23:27 INFO]: [SpigotLibraryLoader] [AuthMe] Loaded library /home/ubuntu/server/mc/main/libraries/ch/jalu/injector/1.0/injector-1.0.jar
[20:23:27 INFO]: [SpigotLibraryLoader] [AuthMe] Loaded library /home/ubuntu/server/mc/main/libraries/javax/inject/javax.inject/1/javax.inject-1.jar
[20:23:27 INFO]: [SpigotLibraryLoader] [AuthMe] Loaded library /home/ubuntu/server/mc/main/libraries/javax/annotation/javax.annotation-api/1.3.1/javax.annotation-api-1.3.1.jar
[20:23:27 INFO]: [SpigotLibraryLoader] [AuthMe] Loaded library /home/ubuntu/server/mc/main/libraries/net/ricecode/string-similarity/1.0.0/string-similarity-1.0.0.jar
[20:23:27 INFO]: [SpigotLibraryLoader] [AuthMe] Loaded library /home/ubuntu/server/mc/main/libraries/com/maxmind/geoip2/geoip2/4.2.0/geoip2-4.2.0.jar
[20:23:27 INFO]: [SpigotLibraryLoader] [AuthMe] Loaded library /home/ubuntu/server/mc/main/libraries/com/maxmind/db/maxmind-db/3.1.0/maxmind-db-3.1.0.jar
[20:23:27 INFO]: [SpigotLibraryLoader] [AuthMe] Loaded library /home/ubuntu/server/mc/main/libraries/com/fasterxml/jackson/core/jackson-databind/2.16.0/jackson-databind-2.16.0.jar
[20:23:27 INFO]: [SpigotLibraryLoader] [AuthMe] Loaded library /home/ubuntu/server/mc/main/libraries/com/fasterxml/jackson/core/jackson-core/2.16.0/jackson-core-2.16.0.jar
[20:23:27 INFO]: [SpigotLibraryLoader] [AuthMe] Loaded library /home/ubuntu/server/mc/main/libraries/com/fasterxml/jackson/core/jackson-annotations/2.16.0/jackson-annotations-2.16.0.jar
[20:23:27 INFO]: [SpigotLibraryLoader] [AuthMe] Loaded library /home/ubuntu/server/mc/main/libraries/javatar/javatar/2.5/javatar-2.5.jar
[20:23:27 INFO]: [SpigotLibraryLoader] [AuthMe] Loaded library /home/ubuntu/server/mc/main/libraries/org/apache/commons/commons-email/1.6.0/commons-email-1.6.0.jar
[20:23:27 INFO]: [SpigotLibraryLoader] [AuthMe] Loaded library /home/ubuntu/server/mc/main/libraries/com/sun/mail/jakarta.mail/1.6.7/jakarta.mail-1.6.7.jar
[20:23:27 INFO]: [SpigotLibraryLoader] [AuthMe] Loaded library /home/ubuntu/server/mc/main/libraries/com/sun/activation/jakarta.activation/1.2.1/jakarta.activation-1.2.1.jar
[20:23:27 INFO]: [SpigotLibraryLoader] [AuthMe] Loaded library /home/ubuntu/server/mc/main/libraries/com/zaxxer/HikariCP/5.1.0/HikariCP-5.1.0.jar
[20:23:27 INFO]: [SpigotLibraryLoader] [AuthMe] Loaded library /home/ubuntu/server/mc/main/libraries/org/slf4j/slf4j-api/1.7.36/slf4j-api-1.7.36.jar
[20:23:27 INFO]: [SpigotLibraryLoader] [AuthMe] Loaded library /home/ubuntu/server/mc/main/libraries/org/slf4j/slf4j-simple/2.0.13/slf4j-simple-2.0.13.jar
[20:23:27 INFO]: [SpigotLibraryLoader] [AuthMe] Loaded library /home/ubuntu/server/mc/main/libraries/ch/jalu/datasourcecolumns/0.1.2/datasourcecolumns-0.1.2.jar
[20:23:27 INFO]: [SpigotLibraryLoader] [AuthMe] Loaded library /home/ubuntu/server/mc/main/libraries/com/mysql/mysql-connector-j/8.4.0/mysql-connector-j-8.4.0.jar
[20:23:27 INFO]: [SpigotLibraryLoader] [AuthMe] Loaded library /home/ubuntu/server/mc/main/libraries/com/google/protobuf/protobuf-java/3.25.1/protobuf-java-3.25.1.jar
[20:23:27 INFO]: [SpigotLibraryLoader] [AuthMe] Loaded library /home/ubuntu/server/mc/main/libraries/org/mariadb/jdbc/mariadb-java-client/3.4.0/mariadb-java-client-3.4.0.jar
[20:23:27 INFO]: [SpigotLibraryLoader] [AuthMe] Loaded library /home/ubuntu/server/mc/main/libraries/com/github/waffle/waffle-jna/3.3.0/waffle-jna-3.3.0.jar
[20:23:27 INFO]: [SpigotLibraryLoader] [AuthMe] Loaded library /home/ubuntu/server/mc/main/libraries/net/java/dev/jna/jna-platform/5.13.0/jna-platform-5.13.0.jar
[20:23:27 INFO]: [SpigotLibraryLoader] [AuthMe] Loaded library /home/ubuntu/server/mc/main/libraries/org/slf4j/jcl-over-slf4j/2.0.7/jcl-over-slf4j-2.0.7.jar
[20:23:27 INFO]: [SpigotLibraryLoader] [AuthMe] Loaded library /home/ubuntu/server/mc/main/libraries/com/github/ben-manes/caffeine/caffeine/2.9.3/caffeine-2.9.3.jar
[20:23:27 INFO]: [SpigotLibraryLoader] [AuthMe] Loaded library /home/ubuntu/server/mc/main/libraries/com/google/errorprone/error_prone_annotations/2.10.0/error_prone_annotations-2.10.0.jar
[20:23:27 INFO]: [SpigotLibraryLoader] [AuthMe] Loaded library /home/ubuntu/server/mc/main/libraries/org/postgresql/postgresql/42.7.3/postgresql-42.7.3.jar
[20:23:27 INFO]: [SpigotLibraryLoader] [AuthMe] Loaded library /home/ubuntu/server/mc/main/libraries/org/checkerframework/checker-qual/3.42.0/checker-qual-3.42.0.jar
[20:23:27 INFO]: [SpigotLibraryLoader] [AuthMe] Loaded library /home/ubuntu/server/mc/main/libraries/de/rtner/PBKDF2/1.1.4/PBKDF2-1.1.4.jar
[20:23:27 INFO]: [SpigotLibraryLoader] [AuthMe] Loaded library /home/ubuntu/server/mc/main/libraries/org/picketbox/picketbox/4.0.21.Final/picketbox-4.0.21.Final.jar
[20:23:27 INFO]: [SpigotLibraryLoader] [AuthMe] Loaded library /home/ubuntu/server/mc/main/libraries/de/mkammerer/argon2-jvm-nolibs/2.11/argon2-jvm-nolibs-2.11.jar
[20:23:27 INFO]: [SpigotLibraryLoader] [AuthMe] Loaded library /home/ubuntu/server/mc/main/libraries/net/java/dev/jna/jna/5.8.0/jna-5.8.0.jar
[20:23:27 INFO]: [SpigotLibraryLoader] [AuthMe] Loaded library /home/ubuntu/server/mc/main/libraries/at/favre/lib/bcrypt/0.10.2/bcrypt-0.10.2.jar
[20:23:27 INFO]: [SpigotLibraryLoader] [AuthMe] Loaded library /home/ubuntu/server/mc/main/libraries/at/favre/lib/bytes/1.5.0/bytes-1.5.0.jar
[20:23:27 INFO]: [SpigotLibraryLoader] [AuthMe] Loaded library /home/ubuntu/server/mc/main/libraries/com/warrenstrange/googleauth/1.5.0/googleauth-1.5.0.jar
[20:23:27 INFO]: [SpigotLibraryLoader] [AuthMe] Loaded library /home/ubuntu/server/mc/main/libraries/commons-codec/commons-codec/1.14/commons-codec-1.14.jar
[20:23:27 INFO]: [SpigotLibraryLoader] [AuthMe] Loaded library /home/ubuntu/server/mc/main/libraries/org/apache/httpcomponents/httpclient/4.5.12/httpclient-4.5.12.jar
[20:23:27 INFO]: [SpigotLibraryLoader] [AuthMe] Loaded library /home/ubuntu/server/mc/main/libraries/org/apache/httpcomponents/httpcore/4.4.13/httpcore-4.4.13.jar
[20:23:27 INFO]: [SpigotLibraryLoader] [AuthMe] Loaded library /home/ubuntu/server/mc/main/libraries/commons-logging/commons-logging/1.2/commons-logging-1.2.jar
[20:23:27 INFO]: [SpigotLibraryLoader] [AuthMe] Loaded library /home/ubuntu/server/mc/main/libraries/ch/jalu/configme/1.3.1/configme-1.3.1.jar
[20:23:27 INFO]: [SpigotLibraryLoader] [AuthMe] Loaded library /home/ubuntu/server/mc/main/libraries/org/yaml/snakeyaml/2.0/snakeyaml-2.0.jar
[20:23:27 INFO]: [SpigotLibraryLoader] [AuthMe] Loaded library /home/ubuntu/server/mc/main/libraries/org/bstats/bstats-bukkit/3.0.2/bstats-bukkit-3.0.2.jar
[20:23:27 INFO]: [SpigotLibraryLoader] [AuthMe] Loaded library /home/ubuntu/server/mc/main/libraries/org/bstats/bstats-base/3.0.2/bstats-base-3.0.2.jar
[20:23:27 INFO]: [ViaVersion] Loading server plugin ViaVersion v5.3.2
[20:23:27 INFO]: [ViaVersion] ViaVersion 5.3.2 is now loaded. Registering protocol transformers and injecting...
[20:23:27 INFO]: [ViaVersion] Loading block connection mappings ...
[20:23:28 INFO]: [ViaVersion] Using FastUtil Long2ObjectOpenHashMap for block connections
[20:23:28 INFO]: [ViaBackwards] Loading translations...
[20:23:28 INFO]: [ViaBackwards] Registering protocols...
[20:23:29 INFO]: [ViaRewind] Registering protocols...
[20:23:29 INFO]: [LuckPerms] Loading server plugin LuckPerms v5.4.145
[20:23:29 INFO]: [ViaBackwards] Loading server plugin ViaBackwards v5.3.2
[20:23:29 INFO]: [Vault] Loading server plugin Vault v2.10.0
[20:23:29 INFO]: [ViaRewind] Loading server plugin ViaRewind v4.0.7
[20:23:29 INFO]: [ProtocolLib] Loading server plugin ProtocolLib v5.3.0
[20:23:29 INFO]: [Essentials] Loading server plugin Essentials v2.21.0
[20:23:29 INFO]: [ViaRewind-Legacy-Support] Loading server plugin ViaRewind-Legacy-Support v1.5.2
[20:23:29 INFO]: [AuthMe] Loading server plugin AuthMe v5.7.0-SNAPSHOT-b2642
[20:23:29 INFO]: [BetterTeams] Loading server plugin BetterTeams v4.12.0
[20:23:29 INFO]: [BetterTeams] [BetterTeams] Checking if the file config.yml is up to date
[20:23:29 INFO]: [BetterTeams] [BetterTeams] File is up to date
[20:23:29 INFO]: [BountySeekers] Loading server plugin BountySeekers v2.0.0
[20:23:29 INFO]: [AxTrade] Loading server plugin AxTrade v1.15.1
[20:23:29 INFO]: [Chunky] Loading server plugin Chunky v1.4.36
[20:23:29 INFO]: [BungeeGuard] Loading server plugin BungeeGuard v1.4.5
[20:23:29 INFO]: Server permissions file permissions.yml is empty, ignoring it
[20:23:29 INFO]: [LuckPerms] Enabling LuckPerms v5.4.145
[20:23:30 INFO]: [38;2;85;255;255m       [38;2;0;170;170m __    [0m
[20:23:30 INFO]: [38;2;85;255;255m  |    [38;2;0;170;170m|__)   [38;2;0;170;0mLuckPerms[0m [38;2;85;255;255mv5.4.145[0m
[20:23:30 INFO]: [38;2;85;255;255m  |___ [38;2;0;170;170m|      [38;2;85;85;85mRunning on Bukkit - Purpur[0m
[20:23:30 INFO]: 
[20:23:30 INFO]: [LuckPerms] Loading configuration...
[20:23:30 INFO]: [LuckPerms] Loading storage provider... [H2]
[20:23:31 INFO]: [LuckPerms] Loading internal permission managers...
[20:23:31 INFO]: [LuckPerms] Performing initial data load...
[20:23:31 INFO]: [LuckPerms] Successfully enabled. (took 1524ms)
[20:23:31 INFO]: [Vault] Enabling Vault v2.10.0
[20:23:31 INFO]: [Vault] Enabled Version 2.10.0
[20:23:31 INFO]: [LuckPerms] Registered Vault permission & chat hook.
[20:23:31 INFO]: [ViaRewind] Enabling ViaRewind v4.0.7
[20:23:31 INFO]: [ProtocolLib] Enabling ProtocolLib v5.3.0
[20:23:31 INFO]: [BungeeGuard] Enabling BungeeGuard v1.4.5
[20:23:31 INFO]: [BungeeGuard] Using Paper's PlayerHandshakeEvent to listen for connections.
[20:23:31 WARN]: **** SERVER IS RUNNING IN OFFLINE/INSECURE MODE!
[20:23:31 WARN]: The server will make no attempt to authenticate usernames. Beware.
[20:23:31 WARN]: Whilst this makes it possible to use BungeeCord, unless access to your server is properly restricted, it also opens up the ability for hackers to connect with any username they choose.
[20:23:31 WARN]: Please see http://www.spigotmc.org/wiki/firewall-guide/ for further information.
[20:23:31 WARN]: To change this, set "online-mode" to "true" in the server.properties file.
[20:23:31 INFO]: Preparing level "world"
[20:23:32 INFO]: Preparing start region for dimension minecraft:overworld
[20:23:32 INFO]: Time elapsed: 600 ms
[20:23:32 INFO]: Preparing start region for dimension minecraft:the_nether
[20:23:33 INFO]: Time elapsed: 819 ms
[20:23:33 INFO]: Preparing start region for dimension minecraft:the_end
[20:23:33 INFO]: Time elapsed: 232 ms
[20:23:33 INFO]: [ViaVersion] Enabling ViaVersion v5.3.2
[20:23:34 INFO]: [ViaVersion] ViaVersion detected server version: 1.21-1.21.1 (767)
[20:23:34 INFO]: [ViaBackwards] Enabling ViaBackwards v5.3.2
[20:23:34 INFO]: [Essentials] Enabling Essentials v2.21.0
[20:23:34 ERROR]: [Essentials] You are running an unsupported server version!
[20:23:35 INFO]: [Essentials] Attempting to convert old kits in config.yml to new kits.yml
[20:23:35 INFO]: [Essentials] No kits found to migrate.
[20:23:35 INFO]: [Essentials] Selected Paper Known Commands Provider as the provider for KnownCommandsProvider
[20:23:35 INFO]: [Essentials] Selected Paper Serialization Provider as the provider for SerializationProvider
[20:23:35 INFO]: [Essentials] Selected Paper Biome Key Provider as the provider for BiomeKeyProvider
[20:23:35 INFO]: [Essentials] Selected Paper Tick Count Provider as the provider for TickCountProvider
[20:23:35 INFO]: [Essentials] Selected 1.20.6+ Potion Meta Provider as the provider for PotionMetaProvider
[20:23:35 INFO]: [Essentials] Selected 1.8.3+ Spawner Item Provider as the provider for SpawnerItemProvider
[20:23:35 INFO]: [Essentials] Selected Paper Material Tag Provider as the provider for MaterialTagProvider
[20:23:35 INFO]: [Essentials] Selected Reflection Formatted Command Alias Provider as the provider for FormattedCommandAliasProvider
[20:23:35 INFO]: [Essentials] Selected 1.20.5+ Banner Data Provider as the provider for BannerDataProvider
[20:23:35 INFO]: [Essentials] Selected 1.12+ Spawner Block Provider as the provider for SpawnerBlockProvider
[20:23:35 INFO]: [Essentials] Selected 1.13+ Spawn Egg Provider as the provider for SpawnEggProvider
[20:23:35 INFO]: [Essentials] Selected 1.11+ Item Unbreakable Provider as the provider for ItemUnbreakableProvider
[20:23:35 INFO]: [Essentials] Selected 1.14+ Sign Data Provider as the provider for SignDataProvider
[20:23:35 INFO]: [Essentials] Selected Reflection Sync Commands Provider as the provider for SyncCommandsProvider
[20:23:35 INFO]: [Essentials] Selected Paper Container Provider as the provider for ContainerProvider
[20:23:35 INFO]: [Essentials] Selected 1.21+ InventoryView Interface ABI Provider as the provider for InventoryViewProvider
[20:23:35 INFO]: [Essentials] Selected 1.12.2+ Player Locale Provider as the provider for PlayerLocaleProvider
[20:23:35 INFO]: [Essentials] Selected Paper Server State Provider as the provider for ServerStateProvider
[20:23:35 INFO]: [Essentials] Selected 1.14.4+ Persistent Data Container Provider as the provider for PersistentDataProvider
[20:23:35 INFO]: [Essentials] Selected Reflection Online Mode Provider as the provider for OnlineModeProvider
[20:23:35 INFO]: [Essentials] Selected 1.20.4+ Damage Event Provider as the provider for DamageEventProvider
[20:23:35 INFO]: [Essentials] Selected 1.17.1+ World Info Provider as the provider for WorldInfoProvider
[20:23:35 INFO]: [Essentials] Loaded 43465 items from items.json.
[20:23:35 INFO]: [Essentials] Using locale en
[20:23:35 INFO]: [Essentials] ServerListPingEvent: Spigot iterator API
[20:23:35 INFO]: [Essentials] Starting Metrics. Opt-out using the global bStats config.
[20:23:35 INFO]: [Essentials] Using Vault based permissions (LuckPerms)
[20:23:35 INFO]: [ViaRewind-Legacy-Support] Enabling ViaRewind-Legacy-Support v1.5.2
[20:23:35 INFO]: [AuthMe] Enabling AuthMe v5.7.0-SNAPSHOT-b2642
[20:23:36 INFO]: [AuthMe] SQLite Setup finished
[20:23:36 INFO]: [AuthMe] Hooked into LuckPerms!
[20:23:36 INFO]: [AuthMe] Hooked successfully into Essentials
[20:23:36 INFO]: [AuthMe] Essentials spawn file not found: '/home/ubuntu/server/mc/main/plugins/Essentials/spawn.yml'
[20:23:36 INFO]: [AuthMe] AuthMe 5.7.0-SNAPSHOT build n.2642 successfully enabled!
[20:23:36 INFO]: [BetterTeams] Enabling BetterTeams v4.12.0
[20:23:36 INFO]: [BetterTeams] [BetterTeams] Checking if the file messages.yml is up to date
[20:23:36 INFO]: [BetterTeams] [BetterTeams] File is up to date
[20:23:37 INFO]: [BetterTeams] Display team name config value: prefix
[20:23:37 INFO]: [BetterTeams] Loading below name. Type: PREFIX
[20:23:37 INFO]: [BetterTeams] teamManagement declared: com.booksaw.betterTeams.events.MCTeamManagement@6a0c36e6
[20:23:37 INFO]: [BountySeekers] Enabling BountySeekers v2.0.0
[20:23:37 INFO]: Enabled BountySeekers v2.0.0
[20:23:37 INFO]: Placeholder API not found - Skipping hook.
[20:23:37 INFO]: [AxTrade] Enabling AxTrade v1.15.1
[20:23:37 INFO]: [38;2;51;255;51m[AxTrade] Hooked into Vault![0m
[20:23:37 INFO]: [38;2;0;255;221m[AxTrade] Loaded plugin![0m
[20:23:38 INFO]: [Chunky] Enabling Chunky v1.4.36
[20:23:38 WARN]: Could not register alias sell because it contains commands that do not exist: economyshopgui:sellall $1-
[20:23:38 INFO]: [spark] Starting background profiler...
[20:23:38 INFO]: Done preparing level "world" (7.257s)
[20:23:38 INFO]: Running delayed init tasks
[20:23:38 INFO]: [Essentials] Essentials found a compatible payment resolution method: Vault Compatibility Layer (v2.10.0)!
[20:23:38 INFO]: [ViaVersion] Finished mapping loading, shutting down loader executor.
[20:23:38 INFO]: [Essentials] [38;2;255;170;0mFetching version information...[0m
[20:23:38 INFO]: [Chunky] No tasks to continue.
[20:23:38 INFO]: Done (24.439s)! For help, type "help"
[20:25:34 INFO]: UUID of player imasdf is 17a1af03-b06e-3e70-9dd5-8a9dbd53ffd8
[20:25:35 INFO]: [38;2;255;255;85mimasdf joined the game[0m
[20:25:35 INFO]: imasdf[/64.150.2.26:41120] logged in with entity id 13 at ([world]-2586.2651750621762, 71.0, 81.79714217258153)
[20:25:55 INFO]: [AuthMe] The user imasdf has 3 accounts:
[20:25:55 INFO]: [AuthMe] §7§aimasdf§7, bruv1000000, cc588.
[20:25:55 INFO]: [AuthMe] imasdf logged in 64.150.2.26
[20:25:55 INFO]: [38;2;255;170;0masdf[0m imasdf left the confines of this world
[20:26:00 INFO]: imasdf issued server command: /back
[20:26:00 INFO]: [38;2;255;170;0masdf[0m imasdf left the confines of this world
[20:26:13 INFO]: imasdf issued server command: /back
[20:26:13 INFO]: [38;2;255;170;0masdf[0m imasdf left the confines of this world
[20:26:49 INFO]: imasdf issued server command: /back
[20:26:49 INFO]: [38;2;255;170;0masdf[0m imasdf left the confines of this world
[20:26:59 INFO]: imasdf issued server command: /back
[20:26:59 INFO]: [38;2;255;170;0masdf[0m imasdf left the confines of this world
[20:27:25 INFO]: imasdf issued server command: /back
[20:27:25 WARN]: imasdf moved too quickly! -2587.0,67.0,81.0
[20:27:26 WARN]: imasdf moved too quickly! -2587.0,67.0,81.0
[20:27:26 INFO]: [38;2;255;170;0masdf[0m imasdf left the confines of this world
[20:27:29 INFO]: imasdf issued server command: /bakc
[20:27:34 INFO]: imasdf issued server command: /back
[20:27:34 INFO]: [38;2;255;170;0masdf[0m imasdf left the confines of this world
[20:27:47 INFO]: imasdf issued server command: /back
[20:27:47 WARN]: imasdf moved too quickly! -2587.0,67.0,81.0
[20:27:47 INFO]: [38;2;255;170;0masdf[0m imasdf left the confines of this world
[20:28:01 INFO]: Stopping server
[20:28:01 INFO]: [BungeeGuard] Disabling BungeeGuard v1.4.5
[20:28:01 INFO]: [Chunky] Disabling Chunky v1.4.36
[20:28:01 INFO]: [AxTrade] Disabling AxTrade v1.15.1
[20:28:01 INFO]: [BountySeekers] Disabling BountySeekers v2.0.0
[20:28:01 INFO]: Disabled BountySeekers v2.0.0
[20:28:01 INFO]: [BetterTeams] Disabling BetterTeams v4.12.0
[20:28:01 INFO]: [AuthMe] Disabling AuthMe v5.7.0-SNAPSHOT-b2642
[20:28:01 INFO]: [AuthMe] Waiting for 0 tasks to finish
[20:28:01 INFO]: [AuthMe] AuthMe 5.7.0-SNAPSHOT-b2642 disabled!
[20:28:01 INFO]: [ViaRewind-Legacy-Support] Disabling ViaRewind-Legacy-Support v1.5.2
[20:28:01 INFO]: [Essentials] Disabling Essentials v2.21.0
[20:28:01 INFO]: [ProtocolLib] Disabling ProtocolLib v5.3.0
[20:28:01 INFO]: [ViaRewind] Disabling ViaRewind v4.0.7
[20:28:01 INFO]: [Vault] Disabling Vault v2.10.0
[20:28:01 INFO]: [ViaBackwards] Disabling ViaBackwards v5.3.2
[20:28:01 INFO]: [LuckPerms] Disabling LuckPerms v5.4.145
[20:28:01 INFO]: [LuckPerms] Starting shutdown process...
[20:28:01 INFO]: [LuckPerms] Closing storage...
[20:28:01 INFO]: [LuckPerms] Goodbye!
[20:28:01 INFO]: [ViaVersion] Disabling ViaVersion v5.3.2
[20:28:01 INFO]: [ViaVersion] ViaVersion has been disabled; uninjected the platform and shut down the scheduler.
[20:28:01 INFO]: Saving players
[20:28:01 INFO]: imasdf lost connection: Server closed
[20:28:01 INFO]: [38;2;255;255;85mimasdf left the game[0m
[20:28:01 WARN]: Exception in thread "Thread-6" java.lang.NoClassDefFoundError: org/h2/api/ErrorCode
[20:28:01 WARN]: 	at org.h2.message.DbException.getJdbcSQLException(DbException.java:475)
[20:28:01 WARN]: 	at org.h2.message.DbException.get(DbException.java:212)
[20:28:01 WARN]: 	at org.h2.mvstore.db.Store.close(Store.java:402)
[20:28:01 WARN]: 	at org.h2.engine.Database.closeOpenFilesAndUnlock(Database.java:1261)
[20:28:01 WARN]: 	at org.h2.engine.Database.closeImpl(Database.java:1225)
[20:28:01 WARN]: 	at org.h2.engine.Database.close(Database.java:1144)
[20:28:01 WARN]: 	at org.h2.engine.OnExitDatabaseCloser.onShutdown(OnExitDatabaseCloser.java:85)
[20:28:01 WARN]: 	at org.h2.engine.OnExitDatabaseCloser.run(OnExitDatabaseCloser.java:114)
[20:28:01 WARN]: Caused by: java.lang.ClassNotFoundException: org.h2.api.ErrorCode
[20:28:01 WARN]: 	at java.base/java.net.URLClassLoader.findClass(URLClassLoader.java:445)
[20:28:01 WARN]: 	at java.base/java.lang.ClassLoader.loadClass(ClassLoader.java:593)
[20:28:01 WARN]: 	at java.base/java.lang.ClassLoader.loadClass(ClassLoader.java:526)
[20:28:01 WARN]: 	... 8 more
[20:28:01 INFO]: Saving worlds
[20:28:01 INFO]: Saving chunks for level 'ServerLevel[world]'/minecraft:overworld
[20:28:01 INFO]: [ChunkHolderManager] Waiting 60s for chunk system to halt for world 'world'
[20:28:01 INFO]: [ChunkHolderManager] Halted chunk system for world 'world'
[20:28:01 INFO]: [ChunkHolderManager] Saving all chunkholders for world 'world'
[20:28:01 INFO]: [ChunkHolderManager] Saved 306 block chunks, 306 entity chunks, 0 poi chunks in world 'world' in 0.43s
[20:28:01 INFO]: Saving chunks for level 'ServerLevel[world_nether]'/minecraft:the_nether
[20:28:01 INFO]: [ChunkHolderManager] Waiting 60s for chunk system to halt for world 'world_nether'
[20:28:01 INFO]: [ChunkHolderManager] Halted chunk system for world 'world_nether'
[20:28:01 INFO]: [ChunkHolderManager] Saving all chunkholders for world 'world_nether'
[20:28:02 INFO]: [ChunkHolderManager] Saved 49 block chunks, 49 entity chunks, 0 poi chunks in world 'world_nether' in 0.06s
[20:28:02 INFO]: Saving chunks for level 'ServerLevel[world_the_end]'/minecraft:the_end
[20:28:02 INFO]: [ChunkHolderManager] Waiting 60s for chunk system to halt for world 'world_the_end'
[20:28:02 INFO]: [ChunkHolderManager] Halted chunk system for world 'world_the_end'
[20:28:02 INFO]: [ChunkHolderManager] Saving all chunkholders for world 'world_the_end'
[20:28:02 INFO]: [ChunkHolderManager] Saved 49 block chunks, 49 entity chunks, 0 poi chunks in world 'world_the_end' in 0.03s
[20:28:02 INFO]: ThreadedAnvilChunkStorage (world): All chunks are saved
[20:28:02 INFO]: ThreadedAnvilChunkStorage (DIM-1): All chunks are saved
[20:28:02 INFO]: ThreadedAnvilChunkStorage (DIM1): All chunks are saved
[20:28:02 INFO]: ThreadedAnvilChunkStorage: All dimensions are saved
Running iteration 1...
WARNING: Using incubator modules: jdk.incubator.vector
Starting org.bukkit.craftbukkit.Main
WARN StatusConsoleListener Advanced terminal features are not available in this environment
[00:56:03 INFO]: [bootstrap] Running Java 21 (OpenJDK 64-Bit Server VM 21.0.6+7-LTS; Eclipse Adoptium Temurin-21.0.6+7) on Linux 6.8.0-1023-oracle (aarch64)
[00:56:03 INFO]: [bootstrap] Loading Purpur 1.21.1-2329-ver/1.21.1@803bf62 (2024-10-31T20:25:04Z) for Minecraft 1.21.1
[00:56:04 INFO]: [PluginInitializerManager] Initializing plugins...
[00:56:04 INFO]: [PluginInitializerManager] Initialized 12 plugins
[00:56:04 INFO]: [PluginInitializerManager] Bukkit plugins (12):
 - AuthMe (5.7.0-SNAPSHOT-b2642), BetterTeams (4.12.0), BountySeekers (2.0.0), BungeeGuard (1.4.5), Chunky (1.4.36), Essentials (2.21.0), LuckPerms (5.4.145), Vault (2.10.0), ViaBackwards (5.3.2), ViaRewind (4.0.7), ViaRewind-Legacy-Support (1.5.2), ViaVersion (5.3.2)
[00:56:08 INFO]: Environment: Environment[sessionHost=https://sessionserver.mojang.com, servicesHost=https://api.minecraftservices.com, name=PROD]
[00:56:10 INFO]: Loaded 1290 recipes
[00:56:10 INFO]: Loaded 1399 advancements
[00:56:11 INFO]: Starting minecraft server version 1.21.1
[00:56:11 INFO]: Loading properties
[00:56:11 INFO]: This server is running Purpur version 1.21.1-2329-ver/1.21.1@803bf62 (2024-10-31T20:25:04Z) (Implementing API version 1.21.1-R0.1-SNAPSHOT)
[00:56:12 INFO]: [spark] This server bundles the spark profiler. For more information please visit https://docs.papermc.io/paper/profiling
[00:56:12 INFO]: Server Ping Player Sample Count: 12
[00:56:12 INFO]: Using 4 threads for Netty based IO
[00:56:13 INFO]: [ChunkTaskScheduler] Chunk system is using 1 I/O threads, 1 worker threads, and population gen parallelism of 1 threads
[00:56:13 ERROR]: [TerminalConsole] Failed to read console input
java.io.IOException: Bad file descriptor
	at java.base/java.io.FileInputStream.readBytes(Native Method) ~[?:?]
	at java.base/java.io.FileInputStream.read(FileInputStream.java:287) ~[?:?]
	at java.base/java.io.BufferedInputStream.read1(BufferedInputStream.java:345) ~[?:?]
	at java.base/java.io.BufferedInputStream.implRead(BufferedInputStream.java:420) ~[?:?]
	at java.base/java.io.BufferedInputStream.read(BufferedInputStream.java:399) ~[?:?]
	at java.base/sun.nio.cs.StreamDecoder.readBytes(StreamDecoder.java:350) ~[?:?]
	at java.base/sun.nio.cs.StreamDecoder.implRead(StreamDecoder.java:393) ~[?:?]
	at java.base/sun.nio.cs.StreamDecoder.lockedRead(StreamDecoder.java:217) ~[?:?]
	at java.base/sun.nio.cs.StreamDecoder.read(StreamDecoder.java:171) ~[?:?]
	at java.base/java.io.InputStreamReader.read(InputStreamReader.java:188) ~[?:?]
	at java.base/java.io.BufferedReader.fill(BufferedReader.java:160) ~[?:?]
	at java.base/java.io.BufferedReader.implReadLine(BufferedReader.java:370) ~[?:?]
	at java.base/java.io.BufferedReader.readLine(BufferedReader.java:347) ~[?:?]
	at java.base/java.io.BufferedReader.readLine(BufferedReader.java:436) ~[?:?]
	at net.minecrell.terminalconsole.SimpleTerminalConsole.readCommands(SimpleTerminalConsole.java:180) ~[terminalconsoleappender-1.3.0.jar:?]
	at net.minecrell.terminalconsole.SimpleTerminalConsole.start(SimpleTerminalConsole.java:143) ~[terminalconsoleappender-1.3.0.jar:?]
	at net.minecraft.server.dedicated.DedicatedServer$1.run(DedicatedServer.java:118) ~[purpur-1.21.1.jar:1.21.1-2329-803bf62]
[00:56:13 INFO]: [Pufferfish] Max SIMD vector size on this system is 128 bits (int)
[00:56:13 INFO]: [Pufferfish] Max SIMD vector size on this system is 128 bits (float)
[00:56:13 INFO]: [Pufferfish] SIMD operations detected as functional. Will replace some operations with faster versions.
[00:56:13 INFO]: Default game type: SURVIVAL
[00:56:13 INFO]: Generating keypair
[00:56:13 INFO]: Starting Minecraft server on 0.0.0.0:25567
[00:56:13 INFO]: Using epoll channel type
[00:56:13 INFO]: Paper: Using libdeflate (Linux aarch64) compression from Velocity.
[00:56:13 INFO]: Paper: Using OpenSSL 3.x.x (Linux aarch64) cipher from Velocity.
[00:56:14 INFO]: [SpigotLibraryLoader] [AuthMe] Loading 17 libraries... please wait
[00:56:14 INFO]: [SpigotLibraryLoader] [AuthMe] Loaded library /home/ubuntu/server/mc/main/libraries/ch/jalu/injector/1.0/injector-1.0.jar
[00:56:14 INFO]: [SpigotLibraryLoader] [AuthMe] Loaded library /home/ubuntu/server/mc/main/libraries/javax/inject/javax.inject/1/javax.inject-1.jar
[00:56:14 INFO]: [SpigotLibraryLoader] [AuthMe] Loaded library /home/ubuntu/server/mc/main/libraries/javax/annotation/javax.annotation-api/1.3.1/javax.annotation-api-1.3.1.jar
[00:56:14 INFO]: [SpigotLibraryLoader] [AuthMe] Loaded library /home/ubuntu/server/mc/main/libraries/net/ricecode/string-similarity/1.0.0/string-similarity-1.0.0.jar
[00:56:14 INFO]: [SpigotLibraryLoader] [AuthMe] Loaded library /home/ubuntu/server/mc/main/libraries/com/maxmind/geoip2/geoip2/4.2.0/geoip2-4.2.0.jar
[00:56:14 INFO]: [SpigotLibraryLoader] [AuthMe] Loaded library /home/ubuntu/server/mc/main/libraries/com/maxmind/db/maxmind-db/3.1.0/maxmind-db-3.1.0.jar
[00:56:14 INFO]: [SpigotLibraryLoader] [AuthMe] Loaded library /home/ubuntu/server/mc/main/libraries/com/fasterxml/jackson/core/jackson-databind/2.16.0/jackson-databind-2.16.0.jar
[00:56:14 INFO]: [SpigotLibraryLoader] [AuthMe] Loaded library /home/ubuntu/server/mc/main/libraries/com/fasterxml/jackson/core/jackson-core/2.16.0/jackson-core-2.16.0.jar
[00:56:14 INFO]: [SpigotLibraryLoader] [AuthMe] Loaded library /home/ubuntu/server/mc/main/libraries/com/fasterxml/jackson/core/jackson-annotations/2.16.0/jackson-annotations-2.16.0.jar
[00:56:14 INFO]: [SpigotLibraryLoader] [AuthMe] Loaded library /home/ubuntu/server/mc/main/libraries/javatar/javatar/2.5/javatar-2.5.jar
[00:56:14 INFO]: [SpigotLibraryLoader] [AuthMe] Loaded library /home/ubuntu/server/mc/main/libraries/org/apache/commons/commons-email/1.6.0/commons-email-1.6.0.jar
[00:56:14 INFO]: [SpigotLibraryLoader] [AuthMe] Loaded library /home/ubuntu/server/mc/main/libraries/com/sun/mail/jakarta.mail/1.6.7/jakarta.mail-1.6.7.jar
[00:56:14 INFO]: [SpigotLibraryLoader] [AuthMe] Loaded library /home/ubuntu/server/mc/main/libraries/com/sun/activation/jakarta.activation/1.2.1/jakarta.activation-1.2.1.jar
[00:56:14 INFO]: [SpigotLibraryLoader] [AuthMe] Loaded library /home/ubuntu/server/mc/main/libraries/com/zaxxer/HikariCP/5.1.0/HikariCP-5.1.0.jar
[00:56:14 INFO]: [SpigotLibraryLoader] [AuthMe] Loaded library /home/ubuntu/server/mc/main/libraries/org/slf4j/slf4j-api/1.7.36/slf4j-api-1.7.36.jar
[00:56:14 INFO]: [SpigotLibraryLoader] [AuthMe] Loaded library /home/ubuntu/server/mc/main/libraries/org/slf4j/slf4j-simple/2.0.13/slf4j-simple-2.0.13.jar
[00:56:14 INFO]: [SpigotLibraryLoader] [AuthMe] Loaded library /home/ubuntu/server/mc/main/libraries/ch/jalu/datasourcecolumns/0.1.2/datasourcecolumns-0.1.2.jar
[00:56:14 INFO]: [SpigotLibraryLoader] [AuthMe] Loaded library /home/ubuntu/server/mc/main/libraries/com/mysql/mysql-connector-j/8.4.0/mysql-connector-j-8.4.0.jar
[00:56:14 INFO]: [SpigotLibraryLoader] [AuthMe] Loaded library /home/ubuntu/server/mc/main/libraries/com/google/protobuf/protobuf-java/3.25.1/protobuf-java-3.25.1.jar
[00:56:14 INFO]: [SpigotLibraryLoader] [AuthMe] Loaded library /home/ubuntu/server/mc/main/libraries/org/mariadb/jdbc/mariadb-java-client/3.4.0/mariadb-java-client-3.4.0.jar
[00:56:14 INFO]: [SpigotLibraryLoader] [AuthMe] Loaded library /home/ubuntu/server/mc/main/libraries/com/github/waffle/waffle-jna/3.3.0/waffle-jna-3.3.0.jar
[00:56:14 INFO]: [SpigotLibraryLoader] [AuthMe] Loaded library /home/ubuntu/server/mc/main/libraries/net/java/dev/jna/jna-platform/5.13.0/jna-platform-5.13.0.jar
[00:56:14 INFO]: [SpigotLibraryLoader] [AuthMe] Loaded library /home/ubuntu/server/mc/main/libraries/org/slf4j/jcl-over-slf4j/2.0.7/jcl-over-slf4j-2.0.7.jar
[00:56:14 INFO]: [SpigotLibraryLoader] [AuthMe] Loaded library /home/ubuntu/server/mc/main/libraries/com/github/ben-manes/caffeine/caffeine/2.9.3/caffeine-2.9.3.jar
[00:56:14 INFO]: [SpigotLibraryLoader] [AuthMe] Loaded library /home/ubuntu/server/mc/main/libraries/com/google/errorprone/error_prone_annotations/2.10.0/error_prone_annotations-2.10.0.jar
[00:56:14 INFO]: [SpigotLibraryLoader] [AuthMe] Loaded library /home/ubuntu/server/mc/main/libraries/org/postgresql/postgresql/42.7.3/postgresql-42.7.3.jar
[00:56:14 INFO]: [SpigotLibraryLoader] [AuthMe] Loaded library /home/ubuntu/server/mc/main/libraries/org/checkerframework/checker-qual/3.42.0/checker-qual-3.42.0.jar
[00:56:14 INFO]: [SpigotLibraryLoader] [AuthMe] Loaded library /home/ubuntu/server/mc/main/libraries/de/rtner/PBKDF2/1.1.4/PBKDF2-1.1.4.jar
[00:56:14 INFO]: [SpigotLibraryLoader] [AuthMe] Loaded library /home/ubuntu/server/mc/main/libraries/org/picketbox/picketbox/4.0.21.Final/picketbox-4.0.21.Final.jar
[00:56:14 INFO]: [SpigotLibraryLoader] [AuthMe] Loaded library /home/ubuntu/server/mc/main/libraries/de/mkammerer/argon2-jvm-nolibs/2.11/argon2-jvm-nolibs-2.11.jar
[00:56:14 INFO]: [SpigotLibraryLoader] [AuthMe] Loaded library /home/ubuntu/server/mc/main/libraries/net/java/dev/jna/jna/5.8.0/jna-5.8.0.jar
[00:56:14 INFO]: [SpigotLibraryLoader] [AuthMe] Loaded library /home/ubuntu/server/mc/main/libraries/at/favre/lib/bcrypt/0.10.2/bcrypt-0.10.2.jar
[00:56:14 INFO]: [SpigotLibraryLoader] [AuthMe] Loaded library /home/ubuntu/server/mc/main/libraries/at/favre/lib/bytes/1.5.0/bytes-1.5.0.jar
[00:56:14 INFO]: [SpigotLibraryLoader] [AuthMe] Loaded library /home/ubuntu/server/mc/main/libraries/com/warrenstrange/googleauth/1.5.0/googleauth-1.5.0.jar
[00:56:14 INFO]: [SpigotLibraryLoader] [AuthMe] Loaded library /home/ubuntu/server/mc/main/libraries/commons-codec/commons-codec/1.14/commons-codec-1.14.jar
[00:56:14 INFO]: [SpigotLibraryLoader] [AuthMe] Loaded library /home/ubuntu/server/mc/main/libraries/org/apache/httpcomponents/httpclient/4.5.12/httpclient-4.5.12.jar
[00:56:14 INFO]: [SpigotLibraryLoader] [AuthMe] Loaded library /home/ubuntu/server/mc/main/libraries/org/apache/httpcomponents/httpcore/4.4.13/httpcore-4.4.13.jar
[00:56:14 INFO]: [SpigotLibraryLoader] [AuthMe] Loaded library /home/ubuntu/server/mc/main/libraries/commons-logging/commons-logging/1.2/commons-logging-1.2.jar
[00:56:14 INFO]: [SpigotLibraryLoader] [AuthMe] Loaded library /home/ubuntu/server/mc/main/libraries/ch/jalu/configme/1.3.1/configme-1.3.1.jar
[00:56:14 INFO]: [SpigotLibraryLoader] [AuthMe] Loaded library /home/ubuntu/server/mc/main/libraries/org/yaml/snakeyaml/2.0/snakeyaml-2.0.jar
[00:56:14 INFO]: [SpigotLibraryLoader] [AuthMe] Loaded library /home/ubuntu/server/mc/main/libraries/org/bstats/bstats-bukkit/3.0.2/bstats-bukkit-3.0.2.jar
[00:56:14 INFO]: [SpigotLibraryLoader] [AuthMe] Loaded library /home/ubuntu/server/mc/main/libraries/org/bstats/bstats-base/3.0.2/bstats-base-3.0.2.jar
[00:56:14 INFO]: [ViaVersion] Loading server plugin ViaVersion v5.3.2
[00:56:14 INFO]: [ViaVersion] ViaVersion 5.3.2 is now loaded. Registering protocol transformers and injecting...
[00:56:15 INFO]: [ViaVersion] Loading block connection mappings ...
[00:56:15 INFO]: [ViaVersion] Using FastUtil Long2ObjectOpenHashMap for block connections
[00:56:15 INFO]: [ViaBackwards] Loading translations...
[00:56:15 INFO]: [ViaBackwards] Registering protocols...
[00:56:16 INFO]: [ViaRewind] Registering protocols...
[00:56:16 INFO]: [LuckPerms] Loading server plugin LuckPerms v5.4.145
[00:56:16 INFO]: [ViaBackwards] Loading server plugin ViaBackwards v5.3.2
[00:56:16 INFO]: [Vault] Loading server plugin Vault v2.10.0
[00:56:16 INFO]: [ViaRewind] Loading server plugin ViaRewind v4.0.7
[00:56:16 INFO]: [Essentials] Loading server plugin Essentials v2.21.0
[00:56:16 INFO]: [ViaRewind-Legacy-Support] Loading server plugin ViaRewind-Legacy-Support v1.5.2
[00:56:16 INFO]: [AuthMe] Loading server plugin AuthMe v5.7.0-SNAPSHOT-b2642
[00:56:16 INFO]: [BetterTeams] Loading server plugin BetterTeams v4.12.0
[00:56:16 INFO]: [BetterTeams] [BetterTeams] Checking if the file config.yml is up to date
[00:56:16 INFO]: [BetterTeams] [BetterTeams] File is up to date
[00:56:16 INFO]: [BountySeekers] Loading server plugin BountySeekers v2.0.0
[00:56:16 INFO]: [Chunky] Loading server plugin Chunky v1.4.36
[00:56:16 INFO]: [BungeeGuard] Loading server plugin BungeeGuard v1.4.5
[00:56:16 INFO]: Server permissions file permissions.yml is empty, ignoring it
[00:56:16 INFO]: [LuckPerms] Enabling LuckPerms v5.4.145
[00:56:17 INFO]: [38;2;85;255;255m       [38;2;0;170;170m __    [0m
[00:56:17 INFO]: [38;2;85;255;255m  |    [38;2;0;170;170m|__)   [38;2;0;170;0mLuckPerms[0m [38;2;85;255;255mv5.4.145[0m
[00:56:17 INFO]: [38;2;85;255;255m  |___ [38;2;0;170;170m|      [38;2;85;85;85mRunning on Bukkit - Purpur[0m
[00:56:17 INFO]: 
[00:56:17 INFO]: [LuckPerms] Loading configuration...
[00:56:17 INFO]: [LuckPerms] Loading storage provider... [H2]
[00:56:18 INFO]: [LuckPerms] Loading internal permission managers...
[00:56:18 INFO]: [LuckPerms] Performing initial data load...
[00:56:18 INFO]: [LuckPerms] Successfully enabled. (took 1557ms)
[00:56:18 INFO]: [Vault] Enabling Vault v2.10.0
[00:56:18 INFO]: [Vault] Enabled Version 2.10.0
[00:56:18 INFO]: [LuckPerms] Registered Vault permission & chat hook.
[00:56:18 INFO]: [ViaRewind] Enabling ViaRewind v4.0.7
[00:56:18 INFO]: [BungeeGuard] Enabling BungeeGuard v1.4.5
[00:56:18 INFO]: [BungeeGuard] Using Paper's PlayerHandshakeEvent to listen for connections.
[00:56:18 WARN]: **** SERVER IS RUNNING IN OFFLINE/INSECURE MODE!
[00:56:18 WARN]: The server will make no attempt to authenticate usernames. Beware.
[00:56:18 WARN]: Whilst this makes it possible to use BungeeCord, unless access to your server is properly restricted, it also opens up the ability for hackers to connect with any username they choose.
[00:56:18 WARN]: Please see http://www.spigotmc.org/wiki/firewall-guide/ for further information.
[00:56:18 WARN]: To change this, set "online-mode" to "true" in the server.properties file.
[00:56:18 INFO]: Preparing level "world"
[00:56:19 INFO]: Preparing start region for dimension minecraft:overworld
[00:56:20 INFO]: Time elapsed: 1102 ms
[00:56:20 INFO]: Preparing start region for dimension minecraft:the_nether
[00:56:20 INFO]: Time elapsed: 187 ms
[00:56:20 INFO]: Preparing start region for dimension minecraft:the_end
[00:56:20 INFO]: Time elapsed: 104 ms
[00:56:20 INFO]: [ViaVersion] Enabling ViaVersion v5.3.2
[00:56:20 INFO]: [ViaVersion] ViaVersion detected server version: 1.21-1.21.1 (767)
[00:56:20 INFO]: [ViaBackwards] Enabling ViaBackwards v5.3.2
[00:56:20 INFO]: [Essentials] Enabling Essentials v2.21.0
[00:56:21 ERROR]: [Essentials] You are running an unsupported server version!
[00:56:21 INFO]: [Essentials] Attempting to convert old kits in config.yml to new kits.yml
[00:56:21 INFO]: [Essentials] No kits found to migrate.
[00:56:22 INFO]: [Essentials] Selected 1.13+ Spawn Egg Provider as the provider for SpawnEggProvider
[00:56:22 INFO]: [Essentials] Selected 1.21+ InventoryView Interface ABI Provider as the provider for InventoryViewProvider
[00:56:22 INFO]: [Essentials] Selected Paper Server State Provider as the provider for ServerStateProvider
[00:56:22 INFO]: [Essentials] Selected 1.14.4+ Persistent Data Container Provider as the provider for PersistentDataProvider
[00:56:22 INFO]: [Essentials] Selected Paper Serialization Provider as the provider for SerializationProvider
[00:56:22 INFO]: [Essentials] Selected Paper Container Provider as the provider for ContainerProvider
[00:56:22 INFO]: [Essentials] Selected 1.17.1+ World Info Provider as the provider for WorldInfoProvider
[00:56:22 INFO]: [Essentials] Selected Paper Biome Key Provider as the provider for BiomeKeyProvider
[00:56:22 INFO]: [Essentials] Selected 1.14+ Sign Data Provider as the provider for SignDataProvider
[00:56:22 INFO]: [Essentials] Selected Paper Known Commands Provider as the provider for KnownCommandsProvider
[00:56:22 INFO]: [Essentials] Selected 1.12+ Spawner Block Provider as the provider for SpawnerBlockProvider
[00:56:22 INFO]: [Essentials] Selected Paper Material Tag Provider as the provider for MaterialTagProvider
[00:56:22 INFO]: [Essentials] Selected 1.11+ Item Unbreakable Provider as the provider for ItemUnbreakableProvider
[00:56:22 INFO]: [Essentials] Selected Reflection Online Mode Provider as the provider for OnlineModeProvider
[00:56:22 INFO]: [Essentials] Selected 1.20.5+ Banner Data Provider as the provider for BannerDataProvider
[00:56:22 INFO]: [Essentials] Selected 1.20.4+ Damage Event Provider as the provider for DamageEventProvider
[00:56:22 INFO]: [Essentials] Selected 1.12.2+ Player Locale Provider as the provider for PlayerLocaleProvider
[00:56:22 INFO]: [Essentials] Selected Reflection Formatted Command Alias Provider as the provider for FormattedCommandAliasProvider
[00:56:22 INFO]: [Essentials] Selected 1.20.6+ Potion Meta Provider as the provider for PotionMetaProvider
[00:56:22 INFO]: [Essentials] Selected Reflection Sync Commands Provider as the provider for SyncCommandsProvider
[00:56:22 INFO]: [Essentials] Selected 1.8.3+ Spawner Item Provider as the provider for SpawnerItemProvider
[00:56:22 INFO]: [Essentials] Selected Paper Tick Count Provider as the provider for TickCountProvider
[00:56:22 INFO]: [Essentials] Loaded 43465 items from items.json.
[00:56:22 INFO]: [Essentials] Using locale en
[00:56:22 INFO]: [Essentials] ServerListPingEvent: Spigot iterator API
[00:56:22 INFO]: [Essentials] Starting Metrics. Opt-out using the global bStats config.
[00:56:22 INFO]: [Essentials] Using Vault based permissions (LuckPerms)
[00:56:22 INFO]: [ViaRewind-Legacy-Support] Enabling ViaRewind-Legacy-Support v1.5.2
[00:56:22 INFO]: [AuthMe] Enabling AuthMe v5.7.0-SNAPSHOT-b2642
[00:56:22 INFO]: [AuthMe] SQLite Setup finished
[00:56:23 INFO]: [AuthMe] Hooked into LuckPerms!
[00:56:23 INFO]: [AuthMe] Hooked successfully into Essentials
[00:56:23 INFO]: [AuthMe] Essentials spawn file not found: '/home/ubuntu/server/mc/main/plugins/Essentials/spawn.yml'
[00:56:23 WARN]: [AuthMe] WARNING! The protectInventory feature requires ProtocolLib! Disabling it...
[00:56:23 INFO]: [AuthMe] AuthMe 5.7.0-SNAPSHOT build n.2642 successfully enabled!
[00:56:23 INFO]: [BetterTeams] Enabling BetterTeams v4.12.0
[00:56:23 INFO]: [BetterTeams] [BetterTeams] Checking if the file messages.yml is up to date
[00:56:23 INFO]: [BetterTeams] [BetterTeams] File is up to date
[00:56:23 INFO]: [BetterTeams] Display team name config value: prefix
[00:56:23 INFO]: [BetterTeams] Loading below name. Type: PREFIX
[00:56:23 INFO]: [BetterTeams] teamManagement declared: com.booksaw.betterTeams.events.MCTeamManagement@169b0b9a
[00:56:23 INFO]: [BountySeekers] Enabling BountySeekers v2.0.0
[00:56:23 INFO]: Enabled BountySeekers v2.0.0
[00:56:23 INFO]: Placeholder API not found - Skipping hook.
[00:56:23 INFO]: [Chunky] Enabling Chunky v1.4.36
[00:56:23 WARN]: Could not register alias sell because it contains commands that do not exist: economyshopgui:sellall $1-
[00:56:23 INFO]: [spark] Starting background profiler...
[00:56:24 INFO]: Done preparing level "world" (5.624s)
[00:56:24 INFO]: Running delayed init tasks
[00:56:24 INFO]: [Essentials] Essentials found a compatible payment resolution method: Vault Compatibility Layer (v2.10.0)!
[00:56:24 INFO]: [ViaVersion] Finished mapping loading, shutting down loader executor.
[00:56:24 INFO]: [Essentials] [38;2;255;170;0mFetching version information...[0m
[00:56:24 INFO]: [Chunky] No tasks to continue.
[00:56:24 INFO]: Done (21.905s)! For help, type "help"
[01:06:51 INFO]: UUID of player Semiboi is e6dc84f2-fb3f-3adf-aec2-71b99da4947f
[01:07:00 INFO]: [38;2;255;255;85mSemiboi joined the game[0m
[01:07:00 INFO]: Semiboi[/208.59.145.19:58184] logged in with entity id 35 at ([world]7.5, 73.0, -2097.5)
[01:07:23 INFO]: [AuthMe] Semiboi logged in 208.59.145.19
[01:09:00 INFO]: [38;2;255;170;0mSigma[0m Semiboi was impaled by Drowned
[01:09:04 INFO]: Semiboi issued server command: /back
[01:11:35 INFO]: Semiboi issued server command: /home
[01:24:57 INFO]: UUID of player imasdf is 17a1af03-b06e-3e70-9dd5-8a9dbd53ffd8
[01:24:58 INFO]: [38;2;255;255;85mimasdf joined the game[0m
[01:24:58 INFO]: imasdf[/172.58.166.29:44002] logged in with entity id 1941 at ([world_nether]-324.43661196163, 53.0, -120.36963564211611)
[01:25:03 INFO]: [Not Secure] [38;2;170;170;170m[[38;2;255;170;0masdf[38;2;170;170;170m] [0m<imasdf> say who's on
[01:25:05 INFO]: [Not Secure] [38;2;170;170;170m[[38;2;255;170;0mSigma[38;2;170;170;170m] [0m<Semiboi> wsg
[01:25:28 INFO]: imasdf lost connection: Login timeout exceeded, you have been kicked from the server, please try again!
[01:25:28 INFO]: [38;2;255;255;85mimasdf left the game[0m
[01:25:47 INFO]: [38;2;255;170;0mSigma[0m Semiboi was shot by Skeleton
[01:25:56 INFO]: Semiboi issued server command: /back
[01:29:17 INFO]: [38;2;255;170;0mSigma[0m Semiboi has made the advancement [38;2;85;255;85m[Those Were the Days][0m
[01:33:18 INFO]: [38;2;255;170;0mSigma[0m Semiboi has made the advancement [38;2;85;255;85m[Oh Shiny][0m
[01:34:11 INFO]: [38;2;255;170;0mSigma[0m Semiboi was shot by Piglin
[01:34:55 INFO]: Semiboi issued server command: /back
[01:42:53 INFO]: [38;2;255;170;0mSigma[0m Semiboi tried to swim in lava
[01:42:58 INFO]: Semiboi issued server command: /back
[01:43:09 INFO]: Semiboi issued server command: /home
[01:43:13 INFO]: Semiboi lost connection: Disconnected
[01:43:13 INFO]: [38;2;255;255;85m[38;2;255;170;0mSigma[38;2;255;255;85m Semiboi left the game[0m
[01:43:36 INFO]: UUID of player Semiboi is e6dc84f2-fb3f-3adf-aec2-71b99da4947f
[01:43:39 INFO]: [38;2;255;255;85mSemiboi joined the game[0m
[01:43:39 INFO]: Semiboi[/208.59.145.19:40136] logged in with entity id 4051 at ([world]7.5, 73.0, -2097.5)
[01:43:55 INFO]: [AuthMe] Semiboi logged in 208.59.145.19
[01:47:31 INFO]: [38;2;255;170;0mSigma[0m Semiboi was shot by Skeleton
[01:47:35 INFO]: Semiboi issued server command: /back
[01:47:54 INFO]: Semiboi issued server command: /back
[01:54:09 INFO]: [38;2;255;170;0mSigma[0m Semiboi was shot by Skeleton
[01:54:12 INFO]: Semiboi issued server command: /back
[01:57:44 INFO]: Semiboi lost connection: Disconnected
[01:57:44 INFO]: [38;2;255;255;85m[38;2;255;170;0mSigma[38;2;255;255;85m Semiboi left the game[0m
[01:58:52 INFO]: UUID of player Semiboi is e6dc84f2-fb3f-3adf-aec2-71b99da4947f
[01:58:55 INFO]: [38;2;255;255;85mSemiboi joined the game[0m
[01:58:55 INFO]: Semiboi[/208.59.145.19:34680] logged in with entity id 5466 at ([world]-90.33866733052812, -44.0, -2367.032122705828)
[01:59:05 INFO]: [AuthMe] Semiboi logged in 208.59.145.19
[02:05:26 INFO]: [38;2;255;170;0mSigma[0m Semiboi was slain by Zombie
[02:05:30 INFO]: Semiboi issued server command: /back
[02:11:20 INFO]: Semiboi issued server command: /home
[02:14:07 INFO]: Semiboi issued server command: /back
[02:14:14 INFO]: Semiboi issued server command: /home
[02:18:43 INFO]: [38;2;255;170;0mSigma[0m Semiboi was shot by Skeleton
[02:18:52 INFO]: Semiboi issued server command: /back
[02:25:59 INFO]: Semiboi issued server command: /home
[02:31:19 INFO]: Semiboi issued server command: /back
[02:31:54 INFO]: Semiboi issued server command: /home
[02:38:18 INFO]: Semiboi lost connection: Disconnected
[02:38:19 INFO]: [38;2;255;255;85m[38;2;255;170;0mSigma[38;2;255;255;85m Semiboi left the game[0m
[02:40:45 INFO]: UUID of player Semiboi is e6dc84f2-fb3f-3adf-aec2-71b99da4947f
[02:40:50 INFO]: [38;2;255;255;85mSemiboi joined the game[0m
[02:40:50 INFO]: Semiboi[/208.59.145.19:53814] logged in with entity id 9756 at ([world]362.69999998807907, 78.0, -2034.5961947539167)
[02:41:00 INFO]: [AuthMe] Semiboi logged in 208.59.145.19
[02:55:27 INFO]: Semiboi issued server command: /home
[03:01:21 INFO]: Semiboi lost connection: Disconnected
[03:01:21 INFO]: [38;2;255;255;85m[38;2;255;170;0mSigma[38;2;255;255;85m Semiboi left the game[0m
[03:32:55 INFO]: UUID of player Semiboi is e6dc84f2-fb3f-3adf-aec2-71b99da4947f
[03:33:04 INFO]: [38;2;255;255;85mSemiboi joined the game[0m
[03:33:04 INFO]: Semiboi[/208.59.145.19:56010] logged in with entity id 11587 at ([world]1.8639724025831226, 73.0, -2097.584885963851)
[03:33:34 INFO]: Semiboi lost connection: Login timeout exceeded, you have been kicked from the server, please try again!
[03:33:34 INFO]: [38;2;255;255;85mSemiboi left the game[0m
[03:33:59 INFO]: UUID of player Semiboi is e6dc84f2-fb3f-3adf-aec2-71b99da4947f
[03:34:02 INFO]: [38;2;255;255;85mSemiboi joined the game[0m
[03:34:02 INFO]: Semiboi[/208.59.145.19:55188] logged in with entity id 11716 at ([world]1.8639724025831226, 73.0, -2097.584885963851)
[03:34:14 INFO]: [AuthMe] Semiboi logged in 208.59.145.19
[03:40:08 INFO]: Semiboi lost connection: Disconnected
[03:40:08 INFO]: [38;2;255;255;85m[38;2;255;170;0mSigma[38;2;255;255;85m Semiboi left the game[0m
[16:12:34 INFO]: UUID of player Semiboi is e6dc84f2-fb3f-3adf-aec2-71b99da4947f
[16:12:40 INFO]: [38;2;255;255;85mSemiboi joined the game[0m
[16:12:40 INFO]: Semiboi[/208.59.145.19:48728] logged in with entity id 12262 at ([world]1.9280693518670593, 72.0, -2103.493201003935)
[16:13:10 INFO]: Semiboi lost connection: Login timeout exceeded, you have been kicked from the server, please try again!
[16:13:10 INFO]: [38;2;255;255;85mSemiboi left the game[0m
[16:13:14 INFO]: UUID of player Semiboi is e6dc84f2-fb3f-3adf-aec2-71b99da4947f
[16:13:17 INFO]: [38;2;255;255;85mSemiboi joined the game[0m
[16:13:17 INFO]: Semiboi[/208.59.145.19:33420] logged in with entity id 12398 at ([world]1.9280693518670593, 72.0, -2103.493201003935)
[16:13:31 INFO]: [AuthMe] Semiboi logged in 208.59.145.19
[16:14:25 INFO]: Semiboi issued server command: /back
[16:14:45 INFO]: Semiboi issued server command: /back
[16:16:02 INFO]: [38;2;255;170;0mSigma[0m Semiboi was slain by Drowned
[16:16:06 INFO]: Semiboi lost connection: Timed out
[16:16:06 INFO]: [38;2;255;255;85m[38;2;255;170;0mSigma[38;2;255;255;85m Semiboi left the game[0m
[16:17:09 INFO]: UUID of player Semiboi is e6dc84f2-fb3f-3adf-aec2-71b99da4947f
[16:17:16 INFO]: [38;2;255;255;85mSemiboi joined the game[0m
[16:17:16 INFO]: Semiboi[/208.59.145.19:35502] logged in with entity id 12931 at ([world]35.921525481500794, 56.056567275734665, -2063.1589989364634)
[16:17:46 INFO]: Semiboi lost connection: Login timeout exceeded, you have been kicked from the server, please try again!
[16:17:46 INFO]: [38;2;255;255;85mSemiboi left the game[0m
[16:17:52 INFO]: UUID of player Semiboi is e6dc84f2-fb3f-3adf-aec2-71b99da4947f
[16:17:56 INFO]: [38;2;255;255;85mSemiboi joined the game[0m
[16:17:56 INFO]: Semiboi[/208.59.145.19:35002] logged in with entity id 12998 at ([world]145.41442854839238, 73.0, -353.0)
[16:18:03 INFO]: [AuthMe] Semiboi logged in 208.59.145.19
[16:18:05 INFO]: Semiboi issued server command: /back
[16:23:05 INFO]: Semiboi lost connection: Disconnected
[16:23:05 INFO]: [38;2;255;255;85m[38;2;255;170;0mSigma[38;2;255;255;85m Semiboi left the game[0m
[16:45:00 INFO]: UUID of player Semiboi is e6dc84f2-fb3f-3adf-aec2-71b99da4947f
[16:45:07 INFO]: [38;2;255;255;85mSemiboi joined the game[0m
[16:45:07 INFO]: Semiboi[/208.59.145.19:43296] logged in with entity id 13596 at ([world]0.351338036950297, 73.0, -2099.756419717906)
[16:45:37 INFO]: [AuthMe] Semiboi logged in 208.59.145.19
[16:54:05 INFO]: [38;2;255;170;0mSigma[0m Semiboi fell from a high place
[16:54:13 INFO]: Semiboi issued server command: /ack
[16:54:19 INFO]: Semiboi issued server command: /back
[16:55:21 INFO]: Semiboi issued server command: /back
[16:55:29 INFO]: Semiboi issued server command: /back
[17:04:18 INFO]: Semiboi issued server command: /home
[17:05:06 INFO]: Semiboi lost connection: Timed out
[17:05:06 INFO]: [38;2;255;255;85m[38;2;255;170;0mSigma[38;2;255;255;85m Semiboi left the game[0m
[17:34:18 INFO]: Stopping server
[17:34:18 INFO]: [BungeeGuard] Disabling BungeeGuard v1.4.5
[17:34:18 INFO]: [Chunky] Disabling Chunky v1.4.36
[17:34:18 INFO]: [BountySeekers] Disabling BountySeekers v2.0.0
[17:34:18 INFO]: Disabled BountySeekers v2.0.0
[17:34:18 INFO]: [BetterTeams] Disabling BetterTeams v4.12.0
[17:34:18 INFO]: [AuthMe] Disabling AuthMe v5.7.0-SNAPSHOT-b2642
[17:34:18 INFO]: [AuthMe] Waiting for 0 tasks to finish
[17:34:18 INFO]: [AuthMe] AuthMe 5.7.0-SNAPSHOT-b2642 disabled!
[17:34:18 INFO]: [ViaRewind-Legacy-Support] Disabling ViaRewind-Legacy-Support v1.5.2
[17:34:18 INFO]: [Essentials] Disabling Essentials v2.21.0
[17:34:18 INFO]: [ViaRewind] Disabling ViaRewind v4.0.7
[17:34:18 INFO]: [Vault] Disabling Vault v2.10.0
[17:34:18 INFO]: [ViaBackwards] Disabling ViaBackwards v5.3.2
[17:34:18 INFO]: [LuckPerms] Disabling LuckPerms v5.4.145
[17:34:18 INFO]: [LuckPerms] Starting shutdown process...
[17:34:18 INFO]: [LuckPerms] Closing storage...
[17:34:18 INFO]: [LuckPerms] Goodbye!
[17:34:18 INFO]: [ViaVersion] Disabling ViaVersion v5.3.2
[17:34:18 INFO]: [ViaVersion] ViaVersion has been disabled; uninjected the platform and shut down the scheduler.
[17:34:18 INFO]: Saving players
[17:34:18 INFO]: Saving worlds
[17:34:18 INFO]: Saving chunks for level 'ServerLevel[world]'/minecraft:overworld
[17:34:18 INFO]: [ChunkHolderManager] Waiting 60s for chunk system to halt for world 'world'
[17:34:18 INFO]: [ChunkHolderManager] Halted chunk system for world 'world'
[17:34:18 INFO]: [ChunkHolderManager] Saving all chunkholders for world 'world'
[17:34:18 INFO]: [ChunkHolderManager] Saved 0 block chunks, 24 entity chunks, 0 poi chunks in world 'world' in 0.04s
[17:34:18 INFO]: Saving chunks for level 'ServerLevel[world_nether]'/minecraft:the_nether
[17:34:18 INFO]: [ChunkHolderManager] Waiting 60s for chunk system to halt for world 'world_nether'
[17:34:18 INFO]: [ChunkHolderManager] Halted chunk system for world 'world_nether'
[17:34:18 INFO]: [ChunkHolderManager] Saving all chunkholders for world 'world_nether'
[17:34:18 INFO]: [ChunkHolderManager] Saved 0 block chunks, 18 entity chunks, 0 poi chunks in world 'world_nether' in 0.02s
[17:34:18 INFO]: Saving chunks for level 'ServerLevel[world_the_end]'/minecraft:the_end
[17:34:18 INFO]: [ChunkHolderManager] Waiting 60s for chunk system to halt for world 'world_the_end'
[17:34:18 INFO]: [ChunkHolderManager] Halted chunk system for world 'world_the_end'
[17:34:18 INFO]: [ChunkHolderManager] Saving all chunkholders for world 'world_the_end'
[17:34:18 INFO]: [ChunkHolderManager] Saved 0 block chunks, 10 entity chunks, 0 poi chunks in world 'world_the_end' in 0.01s
[17:34:18 INFO]: ThreadedAnvilChunkStorage (world): All chunks are saved
[17:34:18 INFO]: ThreadedAnvilChunkStorage (DIM-1): All chunks are saved
[17:34:18 INFO]: ThreadedAnvilChunkStorage (DIM1): All chunks are saved
[17:34:18 INFO]: ThreadedAnvilChunkStorage: All dimensions are saved
WARNING: Using incubator modules: jdk.incubator.vector
Starting org.bukkit.craftbukkit.Main
WARN StatusConsoleListener Advanced terminal features are not available in this environment
[17:39:44 INFO]: [bootstrap] Running Java 21 (OpenJDK 64-Bit Server VM 21.0.6+7-LTS; Eclipse Adoptium Temurin-21.0.6+7) on Linux 6.8.0-1023-oracle (aarch64)
[17:39:44 INFO]: [bootstrap] Loading Purpur 1.21.1-2329-ver/1.21.1@803bf62 (2024-10-31T20:25:04Z) for Minecraft 1.21.1
[17:39:44 INFO]: [PluginInitializerManager] Initializing plugins...
[17:39:45 INFO]: [PluginInitializerManager] Initialized 12 plugins
[17:39:45 INFO]: [PluginInitializerManager] Bukkit plugins (12):
 - AuthMe (5.7.0-SNAPSHOT-b2642), BetterTeams (4.12.0), BountySeekers (2.0.0), BungeeGuard (1.4.5), Chunky (1.4.36), Essentials (2.21.0), LuckPerms (5.4.145), Vault (2.10.0), ViaBackwards (5.3.2), ViaRewind (4.0.7), ViaRewind-Legacy-Support (1.5.2), ViaVersion (5.3.2)
[17:39:49 INFO]: Environment: Environment[sessionHost=https://sessionserver.mojang.com, servicesHost=https://api.minecraftservices.com, name=PROD]
[17:39:51 INFO]: Loaded 1290 recipes
[17:39:51 INFO]: Loaded 1399 advancements
[17:39:52 INFO]: Starting minecraft server version 1.21.1
[17:39:52 INFO]: Loading properties
[17:39:52 INFO]: This server is running Purpur version 1.21.1-2329-ver/1.21.1@803bf62 (2024-10-31T20:25:04Z) (Implementing API version 1.21.1-R0.1-SNAPSHOT)
[17:39:53 INFO]: [spark] This server bundles the spark profiler. For more information please visit https://docs.papermc.io/paper/profiling
[17:39:53 INFO]: Server Ping Player Sample Count: 12
[17:39:53 INFO]: Using 4 threads for Netty based IO
[17:39:54 INFO]: [ChunkTaskScheduler] Chunk system is using 1 I/O threads, 1 worker threads, and population gen parallelism of 1 threads
[17:39:54 ERROR]: [TerminalConsole] Failed to read console input
java.io.IOException: Bad file descriptor
	at java.base/java.io.FileInputStream.readBytes(Native Method) ~[?:?]
	at java.base/java.io.FileInputStream.read(FileInputStream.java:287) ~[?:?]
	at java.base/java.io.BufferedInputStream.read1(BufferedInputStream.java:345) ~[?:?]
	at java.base/java.io.BufferedInputStream.implRead(BufferedInputStream.java:420) ~[?:?]
	at java.base/java.io.BufferedInputStream.read(BufferedInputStream.java:399) ~[?:?]
	at java.base/sun.nio.cs.StreamDecoder.readBytes(StreamDecoder.java:350) ~[?:?]
	at java.base/sun.nio.cs.StreamDecoder.implRead(StreamDecoder.java:393) ~[?:?]
	at java.base/sun.nio.cs.StreamDecoder.lockedRead(StreamDecoder.java:217) ~[?:?]
	at java.base/sun.nio.cs.StreamDecoder.read(StreamDecoder.java:171) ~[?:?]
	at java.base/java.io.InputStreamReader.read(InputStreamReader.java:188) ~[?:?]
	at java.base/java.io.BufferedReader.fill(BufferedReader.java:160) ~[?:?]
	at java.base/java.io.BufferedReader.implReadLine(BufferedReader.java:370) ~[?:?]
	at java.base/java.io.BufferedReader.readLine(BufferedReader.java:347) ~[?:?]
	at java.base/java.io.BufferedReader.readLine(BufferedReader.java:436) ~[?:?]
	at net.minecrell.terminalconsole.SimpleTerminalConsole.readCommands(SimpleTerminalConsole.java:180) ~[terminalconsoleappender-1.3.0.jar:?]
	at net.minecrell.terminalconsole.SimpleTerminalConsole.start(SimpleTerminalConsole.java:143) ~[terminalconsoleappender-1.3.0.jar:?]
	at net.minecraft.server.dedicated.DedicatedServer$1.run(DedicatedServer.java:118) ~[purpur-1.21.1.jar:1.21.1-2329-803bf62]
[17:39:54 INFO]: [Pufferfish] Max SIMD vector size on this system is 128 bits (int)
[17:39:54 INFO]: [Pufferfish] Max SIMD vector size on this system is 128 bits (float)
[17:39:54 INFO]: [Pufferfish] SIMD operations detected as functional. Will replace some operations with faster versions.
[17:39:54 INFO]: Default game type: SURVIVAL
[17:39:54 INFO]: Generating keypair
[17:39:54 INFO]: Starting Minecraft server on 0.0.0.0:25567
[17:39:54 INFO]: Using epoll channel type
[17:39:54 INFO]: Paper: Using libdeflate (Linux aarch64) compression from Velocity.
[17:39:54 INFO]: Paper: Using OpenSSL 3.x.x (Linux aarch64) cipher from Velocity.
[17:39:55 INFO]: [SpigotLibraryLoader] [AuthMe] Loading 17 libraries... please wait
[17:39:56 INFO]: [SpigotLibraryLoader] [AuthMe] Loaded library /home/ubuntu/server/mc/main/libraries/ch/jalu/injector/1.0/injector-1.0.jar
[17:39:56 INFO]: [SpigotLibraryLoader] [AuthMe] Loaded library /home/ubuntu/server/mc/main/libraries/javax/inject/javax.inject/1/javax.inject-1.jar
[17:39:56 INFO]: [SpigotLibraryLoader] [AuthMe] Loaded library /home/ubuntu/server/mc/main/libraries/javax/annotation/javax.annotation-api/1.3.1/javax.annotation-api-1.3.1.jar
[17:39:56 INFO]: [SpigotLibraryLoader] [AuthMe] Loaded library /home/ubuntu/server/mc/main/libraries/net/ricecode/string-similarity/1.0.0/string-similarity-1.0.0.jar
[17:39:56 INFO]: [SpigotLibraryLoader] [AuthMe] Loaded library /home/ubuntu/server/mc/main/libraries/com/maxmind/geoip2/geoip2/4.2.0/geoip2-4.2.0.jar
[17:39:56 INFO]: [SpigotLibraryLoader] [AuthMe] Loaded library /home/ubuntu/server/mc/main/libraries/com/maxmind/db/maxmind-db/3.1.0/maxmind-db-3.1.0.jar
[17:39:56 INFO]: [SpigotLibraryLoader] [AuthMe] Loaded library /home/ubuntu/server/mc/main/libraries/com/fasterxml/jackson/core/jackson-databind/2.16.0/jackson-databind-2.16.0.jar
[17:39:56 INFO]: [SpigotLibraryLoader] [AuthMe] Loaded library /home/ubuntu/server/mc/main/libraries/com/fasterxml/jackson/core/jackson-core/2.16.0/jackson-core-2.16.0.jar
[17:39:56 INFO]: [SpigotLibraryLoader] [AuthMe] Loaded library /home/ubuntu/server/mc/main/libraries/com/fasterxml/jackson/core/jackson-annotations/2.16.0/jackson-annotations-2.16.0.jar
[17:39:56 INFO]: [SpigotLibraryLoader] [AuthMe] Loaded library /home/ubuntu/server/mc/main/libraries/javatar/javatar/2.5/javatar-2.5.jar
[17:39:56 INFO]: [SpigotLibraryLoader] [AuthMe] Loaded library /home/ubuntu/server/mc/main/libraries/org/apache/commons/commons-email/1.6.0/commons-email-1.6.0.jar
[17:39:56 INFO]: [SpigotLibraryLoader] [AuthMe] Loaded library /home/ubuntu/server/mc/main/libraries/com/sun/mail/jakarta.mail/1.6.7/jakarta.mail-1.6.7.jar
[17:39:56 INFO]: [SpigotLibraryLoader] [AuthMe] Loaded library /home/ubuntu/server/mc/main/libraries/com/sun/activation/jakarta.activation/1.2.1/jakarta.activation-1.2.1.jar
[17:39:56 INFO]: [SpigotLibraryLoader] [AuthMe] Loaded library /home/ubuntu/server/mc/main/libraries/com/zaxxer/HikariCP/5.1.0/HikariCP-5.1.0.jar
[17:39:56 INFO]: [SpigotLibraryLoader] [AuthMe] Loaded library /home/ubuntu/server/mc/main/libraries/org/slf4j/slf4j-api/1.7.36/slf4j-api-1.7.36.jar
[17:39:56 INFO]: [SpigotLibraryLoader] [AuthMe] Loaded library /home/ubuntu/server/mc/main/libraries/org/slf4j/slf4j-simple/2.0.13/slf4j-simple-2.0.13.jar
[17:39:56 INFO]: [SpigotLibraryLoader] [AuthMe] Loaded library /home/ubuntu/server/mc/main/libraries/ch/jalu/datasourcecolumns/0.1.2/datasourcecolumns-0.1.2.jar
[17:39:56 INFO]: [SpigotLibraryLoader] [AuthMe] Loaded library /home/ubuntu/server/mc/main/libraries/com/mysql/mysql-connector-j/8.4.0/mysql-connector-j-8.4.0.jar
[17:39:56 INFO]: [SpigotLibraryLoader] [AuthMe] Loaded library /home/ubuntu/server/mc/main/libraries/com/google/protobuf/protobuf-java/3.25.1/protobuf-java-3.25.1.jar
[17:39:56 INFO]: [SpigotLibraryLoader] [AuthMe] Loaded library /home/ubuntu/server/mc/main/libraries/org/mariadb/jdbc/mariadb-java-client/3.4.0/mariadb-java-client-3.4.0.jar
[17:39:56 INFO]: [SpigotLibraryLoader] [AuthMe] Loaded library /home/ubuntu/server/mc/main/libraries/com/github/waffle/waffle-jna/3.3.0/waffle-jna-3.3.0.jar
[17:39:56 INFO]: [SpigotLibraryLoader] [AuthMe] Loaded library /home/ubuntu/server/mc/main/libraries/net/java/dev/jna/jna-platform/5.13.0/jna-platform-5.13.0.jar
[17:39:56 INFO]: [SpigotLibraryLoader] [AuthMe] Loaded library /home/ubuntu/server/mc/main/libraries/org/slf4j/jcl-over-slf4j/2.0.7/jcl-over-slf4j-2.0.7.jar
[17:39:56 INFO]: [SpigotLibraryLoader] [AuthMe] Loaded library /home/ubuntu/server/mc/main/libraries/com/github/ben-manes/caffeine/caffeine/2.9.3/caffeine-2.9.3.jar
[17:39:56 INFO]: [SpigotLibraryLoader] [AuthMe] Loaded library /home/ubuntu/server/mc/main/libraries/com/google/errorprone/error_prone_annotations/2.10.0/error_prone_annotations-2.10.0.jar
[17:39:56 INFO]: [SpigotLibraryLoader] [AuthMe] Loaded library /home/ubuntu/server/mc/main/libraries/org/postgresql/postgresql/42.7.3/postgresql-42.7.3.jar
[17:39:56 INFO]: [SpigotLibraryLoader] [AuthMe] Loaded library /home/ubuntu/server/mc/main/libraries/org/checkerframework/checker-qual/3.42.0/checker-qual-3.42.0.jar
[17:39:56 INFO]: [SpigotLibraryLoader] [AuthMe] Loaded library /home/ubuntu/server/mc/main/libraries/de/rtner/PBKDF2/1.1.4/PBKDF2-1.1.4.jar
[17:39:56 INFO]: [SpigotLibraryLoader] [AuthMe] Loaded library /home/ubuntu/server/mc/main/libraries/org/picketbox/picketbox/4.0.21.Final/picketbox-4.0.21.Final.jar
[17:39:56 INFO]: [SpigotLibraryLoader] [AuthMe] Loaded library /home/ubuntu/server/mc/main/libraries/de/mkammerer/argon2-jvm-nolibs/2.11/argon2-jvm-nolibs-2.11.jar
[17:39:56 INFO]: [SpigotLibraryLoader] [AuthMe] Loaded library /home/ubuntu/server/mc/main/libraries/net/java/dev/jna/jna/5.8.0/jna-5.8.0.jar
[17:39:56 INFO]: [SpigotLibraryLoader] [AuthMe] Loaded library /home/ubuntu/server/mc/main/libraries/at/favre/lib/bcrypt/0.10.2/bcrypt-0.10.2.jar
[17:39:56 INFO]: [SpigotLibraryLoader] [AuthMe] Loaded library /home/ubuntu/server/mc/main/libraries/at/favre/lib/bytes/1.5.0/bytes-1.5.0.jar
[17:39:56 INFO]: [SpigotLibraryLoader] [AuthMe] Loaded library /home/ubuntu/server/mc/main/libraries/com/warrenstrange/googleauth/1.5.0/googleauth-1.5.0.jar
[17:39:56 INFO]: [SpigotLibraryLoader] [AuthMe] Loaded library /home/ubuntu/server/mc/main/libraries/commons-codec/commons-codec/1.14/commons-codec-1.14.jar
[17:39:56 INFO]: [SpigotLibraryLoader] [AuthMe] Loaded library /home/ubuntu/server/mc/main/libraries/org/apache/httpcomponents/httpclient/4.5.12/httpclient-4.5.12.jar
[17:39:56 INFO]: [SpigotLibraryLoader] [AuthMe] Loaded library /home/ubuntu/server/mc/main/libraries/org/apache/httpcomponents/httpcore/4.4.13/httpcore-4.4.13.jar
[17:39:56 INFO]: [SpigotLibraryLoader] [AuthMe] Loaded library /home/ubuntu/server/mc/main/libraries/commons-logging/commons-logging/1.2/commons-logging-1.2.jar
[17:39:56 INFO]: [SpigotLibraryLoader] [AuthMe] Loaded library /home/ubuntu/server/mc/main/libraries/ch/jalu/configme/1.3.1/configme-1.3.1.jar
[17:39:56 INFO]: [SpigotLibraryLoader] [AuthMe] Loaded library /home/ubuntu/server/mc/main/libraries/org/yaml/snakeyaml/2.0/snakeyaml-2.0.jar
[17:39:56 INFO]: [SpigotLibraryLoader] [AuthMe] Loaded library /home/ubuntu/server/mc/main/libraries/org/bstats/bstats-bukkit/3.0.2/bstats-bukkit-3.0.2.jar
[17:39:56 INFO]: [SpigotLibraryLoader] [AuthMe] Loaded library /home/ubuntu/server/mc/main/libraries/org/bstats/bstats-base/3.0.2/bstats-base-3.0.2.jar
[17:39:56 INFO]: [ViaVersion] Loading server plugin ViaVersion v5.3.2
[17:39:56 INFO]: [ViaVersion] ViaVersion 5.3.2 is now loaded. Registering protocol transformers and injecting...
[17:39:56 INFO]: [ViaVersion] Loading block connection mappings ...
[17:39:57 INFO]: [ViaVersion] Using FastUtil Long2ObjectOpenHashMap for block connections
[17:39:57 INFO]: [ViaBackwards] Loading translations...
[17:39:57 INFO]: [ViaBackwards] Registering protocols...
[17:39:57 INFO]: [ViaRewind] Registering protocols...
[17:39:58 INFO]: [LuckPerms] Loading server plugin LuckPerms v5.4.145
[17:39:58 INFO]: [ViaBackwards] Loading server plugin ViaBackwards v5.3.2
[17:39:58 INFO]: [Vault] Loading server plugin Vault v2.10.0
[17:39:58 INFO]: [ViaRewind] Loading server plugin ViaRewind v4.0.7
[17:39:58 INFO]: [Essentials] Loading server plugin Essentials v2.21.0
[17:39:58 INFO]: [ViaRewind-Legacy-Support] Loading server plugin ViaRewind-Legacy-Support v1.5.2
[17:39:58 INFO]: [AuthMe] Loading server plugin AuthMe v5.7.0-SNAPSHOT-b2642
[17:39:58 INFO]: [BetterTeams] Loading server plugin BetterTeams v4.12.0
[17:39:58 INFO]: [BetterTeams] [BetterTeams] Checking if the file config.yml is up to date
[17:39:58 INFO]: [BetterTeams] [BetterTeams] File is up to date
[17:39:58 INFO]: [BountySeekers] Loading server plugin BountySeekers v2.0.0
[17:39:58 INFO]: [Chunky] Loading server plugin Chunky v1.4.36
[17:39:58 INFO]: [BungeeGuard] Loading server plugin BungeeGuard v1.4.5
[17:39:58 INFO]: Server permissions file permissions.yml is empty, ignoring it
[17:39:58 INFO]: [LuckPerms] Enabling LuckPerms v5.4.145
[17:39:58 INFO]: [38;2;85;255;255m       [38;2;0;170;170m __    [0m
[17:39:58 INFO]: [38;2;85;255;255m  |    [38;2;0;170;170m|__)   [38;2;0;170;0mLuckPerms[0m [38;2;85;255;255mv5.4.145[0m
[17:39:58 INFO]: [38;2;85;255;255m  |___ [38;2;0;170;170m|      [38;2;85;85;85mRunning on Bukkit - Purpur[0m
[17:39:58 INFO]: 
[17:39:58 INFO]: [LuckPerms] Loading configuration...
[17:39:59 INFO]: [LuckPerms] Loading storage provider... [H2]
[17:39:59 INFO]: [LuckPerms] Loading internal permission managers...
[17:39:59 INFO]: [LuckPerms] Performing initial data load...
[17:39:59 INFO]: [LuckPerms] Successfully enabled. (took 1536ms)
[17:39:59 INFO]: [Vault] Enabling Vault v2.10.0
[17:39:59 INFO]: [Vault] Enabled Version 2.10.0
[17:39:59 INFO]: [LuckPerms] Registered Vault permission & chat hook.
[17:39:59 INFO]: [ViaRewind] Enabling ViaRewind v4.0.7
[17:39:59 INFO]: [BungeeGuard] Enabling BungeeGuard v1.4.5
[17:39:59 INFO]: [BungeeGuard] Using Paper's PlayerHandshakeEvent to listen for connections.
[17:39:59 WARN]: **** SERVER IS RUNNING IN OFFLINE/INSECURE MODE!
[17:39:59 WARN]: The server will make no attempt to authenticate usernames. Beware.
[17:39:59 WARN]: Whilst this makes it possible to use BungeeCord, unless access to your server is properly restricted, it also opens up the ability for hackers to connect with any username they choose.
[17:39:59 WARN]: Please see http://www.spigotmc.org/wiki/firewall-guide/ for further information.
[17:39:59 WARN]: To change this, set "online-mode" to "true" in the server.properties file.
[17:39:59 INFO]: Preparing level "world"
[17:40:00 INFO]: Preparing start region for dimension minecraft:overworld
[17:40:01 INFO]: Time elapsed: 1136 ms
[17:40:01 INFO]: Preparing start region for dimension minecraft:the_nether
[17:40:02 INFO]: Time elapsed: 212 ms
[17:40:02 INFO]: Preparing start region for dimension minecraft:the_end
[17:40:02 INFO]: Time elapsed: 106 ms
[17:40:02 INFO]: [ViaVersion] Enabling ViaVersion v5.3.2
[17:40:02 INFO]: [ViaVersion] ViaVersion detected server version: 1.21-1.21.1 (767)
[17:40:02 INFO]: [ViaBackwards] Enabling ViaBackwards v5.3.2
[17:40:02 INFO]: [Essentials] Enabling Essentials v2.21.0
[17:40:02 ERROR]: [Essentials] You are running an unsupported server version!
[17:40:03 INFO]: [Essentials] Attempting to convert old kits in config.yml to new kits.yml
[17:40:03 INFO]: [Essentials] No kits found to migrate.
[17:40:03 INFO]: [Essentials] Selected 1.21+ InventoryView Interface ABI Provider as the provider for InventoryViewProvider
[17:40:03 INFO]: [Essentials] Selected Paper Container Provider as the provider for ContainerProvider
[17:40:03 INFO]: [Essentials] Selected Reflection Formatted Command Alias Provider as the provider for FormattedCommandAliasProvider
[17:40:03 INFO]: [Essentials] Selected 1.17.1+ World Info Provider as the provider for WorldInfoProvider
[17:40:03 INFO]: [Essentials] Selected Paper Serialization Provider as the provider for SerializationProvider
[17:40:03 INFO]: [Essentials] Selected 1.14+ Sign Data Provider as the provider for SignDataProvider
[17:40:03 INFO]: [Essentials] Selected Paper Biome Key Provider as the provider for BiomeKeyProvider
[17:40:03 INFO]: [Essentials] Selected Reflection Sync Commands Provider as the provider for SyncCommandsProvider
[17:40:03 INFO]: [Essentials] Selected Reflection Online Mode Provider as the provider for OnlineModeProvider
[17:40:03 INFO]: [Essentials] Selected 1.12+ Spawner Block Provider as the provider for SpawnerBlockProvider
[17:40:03 INFO]: [Essentials] Selected Paper Material Tag Provider as the provider for MaterialTagProvider
[17:40:03 INFO]: [Essentials] Selected 1.11+ Item Unbreakable Provider as the provider for ItemUnbreakableProvider
[17:40:03 INFO]: [Essentials] Selected 1.12.2+ Player Locale Provider as the provider for PlayerLocaleProvider
[17:40:03 INFO]: [Essentials] Selected Paper Tick Count Provider as the provider for TickCountProvider
[17:40:03 INFO]: [Essentials] Selected 1.8.3+ Spawner Item Provider as the provider for SpawnerItemProvider
[17:40:03 INFO]: [Essentials] Selected Paper Known Commands Provider as the provider for KnownCommandsProvider
[17:40:03 INFO]: [Essentials] Selected 1.13+ Spawn Egg Provider as the provider for SpawnEggProvider
[17:40:03 INFO]: [Essentials] Selected 1.20.5+ Banner Data Provider as the provider for BannerDataProvider
[17:40:03 INFO]: [Essentials] Selected 1.20.4+ Damage Event Provider as the provider for DamageEventProvider
[17:40:03 INFO]: [Essentials] Selected 1.20.6+ Potion Meta Provider as the provider for PotionMetaProvider
[17:40:03 INFO]: [Essentials] Selected Paper Server State Provider as the provider for ServerStateProvider
[17:40:03 INFO]: [Essentials] Selected 1.14.4+ Persistent Data Container Provider as the provider for PersistentDataProvider
[17:40:03 INFO]: [Essentials] Loaded 43465 items from items.json.
[17:40:03 INFO]: [Essentials] Using locale en
[17:40:03 INFO]: [Essentials] ServerListPingEvent: Spigot iterator API
[17:40:04 INFO]: [Essentials] Starting Metrics. Opt-out using the global bStats config.
[17:40:04 INFO]: [Essentials] Using Vault based permissions (LuckPerms)
[17:40:04 INFO]: [ViaRewind-Legacy-Support] Enabling ViaRewind-Legacy-Support v1.5.2
[17:40:04 INFO]: [AuthMe] Enabling AuthMe v5.7.0-SNAPSHOT-b2642
[17:40:04 INFO]: [AuthMe] SQLite Setup finished
[17:40:04 INFO]: [AuthMe] Hooked into LuckPerms!
[17:40:04 INFO]: [AuthMe] Hooked successfully into Essentials
[17:40:04 INFO]: [AuthMe] Essentials spawn file not found: '/home/ubuntu/server/mc/main/plugins/Essentials/spawn.yml'
[17:40:05 WARN]: [AuthMe] WARNING! The protectInventory feature requires ProtocolLib! Disabling it...
[17:40:05 INFO]: [AuthMe] AuthMe 5.7.0-SNAPSHOT build n.2642 successfully enabled!
[17:40:05 INFO]: [BetterTeams] Enabling BetterTeams v4.12.0
[17:40:05 INFO]: [BetterTeams] [BetterTeams] Checking if the file messages.yml is up to date
[17:40:05 INFO]: [BetterTeams] [BetterTeams] File is up to date
[17:40:05 INFO]: [BetterTeams] Display team name config value: prefix
[17:40:05 INFO]: [BetterTeams] Loading below name. Type: PREFIX
[17:40:05 INFO]: [BetterTeams] teamManagement declared: com.booksaw.betterTeams.events.MCTeamManagement@1ab48d0e
[17:40:05 INFO]: [BountySeekers] Enabling BountySeekers v2.0.0
[17:40:05 INFO]: Enabled BountySeekers v2.0.0
[17:40:05 INFO]: Placeholder API not found - Skipping hook.
[17:40:05 INFO]: [Chunky] Enabling Chunky v1.4.36
[17:40:05 WARN]: Could not register alias sell because it contains commands that do not exist: economyshopgui:sellall $1-
[17:40:05 INFO]: [spark] Starting background profiler...
[17:40:05 INFO]: Done preparing level "world" (5.940s)
[17:40:05 INFO]: Running delayed init tasks
[17:40:05 INFO]: [Essentials] Essentials found a compatible payment resolution method: Vault Compatibility Layer (v2.10.0)!
[17:40:05 INFO]: [ViaVersion] Finished mapping loading, shutting down loader executor.
[17:40:05 INFO]: [Essentials] [38;2;255;170;0mFetching version information...[0m
[17:40:06 INFO]: [Chunky] No tasks to continue.
[17:40:06 INFO]: Done (23.203s)! For help, type "help"
[17:41:04 INFO]: Stopping server
[17:41:04 INFO]: [BungeeGuard] Disabling BungeeGuard v1.4.5
[17:41:04 INFO]: [Chunky] Disabling Chunky v1.4.36
[17:41:04 INFO]: [BountySeekers] Disabling BountySeekers v2.0.0
[17:41:04 INFO]: Disabled BountySeekers v2.0.0
[17:41:04 INFO]: [BetterTeams] Disabling BetterTeams v4.12.0
[17:41:04 INFO]: [AuthMe] Disabling AuthMe v5.7.0-SNAPSHOT-b2642
[17:41:04 INFO]: [AuthMe] Waiting for 0 tasks to finish
[17:41:04 INFO]: [AuthMe] AuthMe 5.7.0-SNAPSHOT-b2642 disabled!
[17:41:04 INFO]: [ViaRewind-Legacy-Support] Disabling ViaRewind-Legacy-Support v1.5.2
[17:41:04 INFO]: [Essentials] Disabling Essentials v2.21.0
[17:41:04 INFO]: [ViaRewind] Disabling ViaRewind v4.0.7
[17:41:04 INFO]: [Vault] Disabling Vault v2.10.0
[17:41:04 INFO]: [ViaBackwards] Disabling ViaBackwards v5.3.2
[17:41:04 INFO]: [LuckPerms] Disabling LuckPerms v5.4.145
[17:41:04 INFO]: [LuckPerms] Starting shutdown process...
[17:41:04 INFO]: [LuckPerms] Closing storage...
[17:41:04 INFO]: [LuckPerms] Goodbye!
[17:41:04 INFO]: [ViaVersion] Disabling ViaVersion v5.3.2
[17:41:04 INFO]: [ViaVersion] ViaVersion has been disabled; uninjected the platform and shut down the scheduler.
[17:41:04 INFO]: Saving players
[17:41:04 INFO]: Saving worlds
[17:41:04 INFO]: Saving chunks for level 'ServerLevel[world]'/minecraft:overworld
[17:41:04 INFO]: [ChunkHolderManager] Waiting 60s for chunk system to halt for world 'world'
[17:41:04 INFO]: [ChunkHolderManager] Halted chunk system for world 'world'
[17:41:04 INFO]: [ChunkHolderManager] Saving all chunkholders for world 'world'
[17:41:04 WARN]: Exception in thread "Thread-6" java.lang.NoClassDefFoundError: org/h2/api/ErrorCode
[17:41:04 WARN]: 	at org.h2.message.DbException.getJdbcSQLException(DbException.java:475)
[17:41:04 WARN]: 	at org.h2.message.DbException.get(DbException.java:212)
[17:41:04 WARN]: 	at org.h2.mvstore.db.Store.close(Store.java:402)
[17:41:04 WARN]: 	at org.h2.engine.Database.closeOpenFilesAndUnlock(Database.java:1261)
[17:41:04 WARN]: 	at org.h2.engine.Database.closeImpl(Database.java:1225)
[17:41:04 WARN]: 	at org.h2.engine.Database.close(Database.java:1144)
[17:41:04 WARN]: 	at org.h2.engine.OnExitDatabaseCloser.onShutdown(OnExitDatabaseCloser.java:85)
[17:41:04 WARN]: 	at org.h2.engine.OnExitDatabaseCloser.run(OnExitDatabaseCloser.java:114)
[17:41:04 WARN]: Caused by: java.lang.ClassNotFoundException: org.h2.api.ErrorCode
[17:41:04 WARN]: 	at java.base/java.net.URLClassLoader.findClass(URLClassLoader.java:445)
[17:41:04 WARN]: 	at java.base/java.lang.ClassLoader.loadClass(ClassLoader.java:593)
[17:41:04 WARN]: 	at java.base/java.lang.ClassLoader.loadClass(ClassLoader.java:526)
[17:41:04 WARN]: 	... 8 more
[17:41:04 INFO]: [ChunkHolderManager] Saved 49 block chunks, 49 entity chunks, 0 poi chunks in world 'world' in 0.31s
[17:41:04 INFO]: Saving chunks for level 'ServerLevel[world_nether]'/minecraft:the_nether
[17:41:04 INFO]: [ChunkHolderManager] Waiting 60s for chunk system to halt for world 'world_nether'
[17:41:04 INFO]: [ChunkHolderManager] Halted chunk system for world 'world_nether'
[17:41:04 INFO]: [ChunkHolderManager] Saving all chunkholders for world 'world_nether'
[17:41:05 INFO]: [ChunkHolderManager] Saved 49 block chunks, 49 entity chunks, 0 poi chunks in world 'world_nether' in 0.08s
[17:41:05 INFO]: Saving chunks for level 'ServerLevel[world_the_end]'/minecraft:the_end
[17:41:05 INFO]: [ChunkHolderManager] Waiting 60s for chunk system to halt for world 'world_the_end'
[17:41:05 INFO]: [ChunkHolderManager] Halted chunk system for world 'world_the_end'
[17:41:05 INFO]: [ChunkHolderManager] Saving all chunkholders for world 'world_the_end'
[17:41:05 INFO]: [ChunkHolderManager] Saved 49 block chunks, 49 entity chunks, 0 poi chunks in world 'world_the_end' in 0.06s
[17:41:05 INFO]: ThreadedAnvilChunkStorage (world): All chunks are saved
[17:41:05 INFO]: ThreadedAnvilChunkStorage (DIM-1): All chunks are saved
[17:41:05 INFO]: ThreadedAnvilChunkStorage (DIM1): All chunks are saved
[17:41:05 INFO]: ThreadedAnvilChunkStorage: All dimensions are saved
Running iteration 1...
WARNING: Using incubator modules: jdk.incubator.vector
Starting org.bukkit.craftbukkit.Main
WARN StatusConsoleListener Advanced terminal features are not available in this environment
[17:42:43 INFO]: [bootstrap] Running Java 21 (OpenJDK 64-Bit Server VM 21.0.6+7-LTS; Eclipse Adoptium Temurin-21.0.6+7) on Linux 6.8.0-1023-oracle (aarch64)
[17:42:43 INFO]: [bootstrap] Loading Purpur 1.21.1-2329-ver/1.21.1@803bf62 (2024-10-31T20:25:04Z) for Minecraft 1.21.1
[17:42:44 INFO]: [PluginInitializerManager] Initializing plugins...
[17:42:44 INFO]: [PluginInitializerManager] Initialized 11 plugins
[17:42:44 INFO]: [PluginInitializerManager] Bukkit plugins (11):
 - AuthMe (5.7.0-SNAPSHOT-b2642), BetterTeams (4.12.0), BountySeekers (2.0.0), Chunky (1.4.36), Essentials (2.21.0), LuckPerms (5.4.145), Vault (2.10.0), ViaBackwards (5.3.2), ViaRewind (4.0.7), ViaRewind-Legacy-Support (1.5.2), ViaVersion (5.3.2)
[17:42:49 INFO]: Environment: Environment[sessionHost=https://sessionserver.mojang.com, servicesHost=https://api.minecraftservices.com, name=PROD]
[17:42:51 INFO]: Loaded 1290 recipes
[17:42:51 INFO]: Loaded 1399 advancements
[17:42:51 INFO]: Starting minecraft server version 1.21.1
[17:42:51 INFO]: Loading properties
[17:42:51 INFO]: This server is running Purpur version 1.21.1-2329-ver/1.21.1@803bf62 (2024-10-31T20:25:04Z) (Implementing API version 1.21.1-R0.1-SNAPSHOT)
[17:42:52 INFO]: [spark] This server bundles the spark profiler. For more information please visit https://docs.papermc.io/paper/profiling
[17:42:52 INFO]: Server Ping Player Sample Count: 12
[17:42:52 INFO]: Using 4 threads for Netty based IO
[17:42:53 INFO]: [ChunkTaskScheduler] Chunk system is using 1 I/O threads, 1 worker threads, and population gen parallelism of 1 threads
[17:42:53 ERROR]: [TerminalConsole] Failed to read console input
java.io.IOException: Bad file descriptor
	at java.base/java.io.FileInputStream.readBytes(Native Method) ~[?:?]
	at java.base/java.io.FileInputStream.read(FileInputStream.java:287) ~[?:?]
	at java.base/java.io.BufferedInputStream.read1(BufferedInputStream.java:345) ~[?:?]
	at java.base/java.io.BufferedInputStream.implRead(BufferedInputStream.java:420) ~[?:?]
	at java.base/java.io.BufferedInputStream.read(BufferedInputStream.java:399) ~[?:?]
	at java.base/sun.nio.cs.StreamDecoder.readBytes(StreamDecoder.java:350) ~[?:?]
	at java.base/sun.nio.cs.StreamDecoder.implRead(StreamDecoder.java:393) ~[?:?]
	at java.base/sun.nio.cs.StreamDecoder.lockedRead(StreamDecoder.java:217) ~[?:?]
	at java.base/sun.nio.cs.StreamDecoder.read(StreamDecoder.java:171) ~[?:?]
	at java.base/java.io.InputStreamReader.read(InputStreamReader.java:188) ~[?:?]
	at java.base/java.io.BufferedReader.fill(BufferedReader.java:160) ~[?:?]
	at java.base/java.io.BufferedReader.implReadLine(BufferedReader.java:370) ~[?:?]
	at java.base/java.io.BufferedReader.readLine(BufferedReader.java:347) ~[?:?]
	at java.base/java.io.BufferedReader.readLine(BufferedReader.java:436) ~[?:?]
	at net.minecrell.terminalconsole.SimpleTerminalConsole.readCommands(SimpleTerminalConsole.java:180) ~[terminalconsoleappender-1.3.0.jar:?]
	at net.minecrell.terminalconsole.SimpleTerminalConsole.start(SimpleTerminalConsole.java:143) ~[terminalconsoleappender-1.3.0.jar:?]
	at net.minecraft.server.dedicated.DedicatedServer$1.run(DedicatedServer.java:118) ~[purpur-1.21.1.jar:1.21.1-2329-803bf62]
[17:42:54 INFO]: [Pufferfish] Max SIMD vector size on this system is 128 bits (int)
[17:42:54 INFO]: [Pufferfish] Max SIMD vector size on this system is 128 bits (float)
[17:42:54 INFO]: [Pufferfish] SIMD operations detected as functional. Will replace some operations with faster versions.
[17:42:54 INFO]: Default game type: SURVIVAL
[17:42:54 INFO]: Generating keypair
[17:42:54 INFO]: Starting Minecraft server on 0.0.0.0:25567
[17:42:54 INFO]: Using epoll channel type
[17:42:54 INFO]: Paper: Using libdeflate (Linux aarch64) compression from Velocity.
[17:42:54 INFO]: Paper: Using OpenSSL 3.x.x (Linux aarch64) cipher from Velocity.
[17:42:54 INFO]: [SpigotLibraryLoader] [AuthMe] Loading 17 libraries... please wait
[17:42:55 INFO]: [SpigotLibraryLoader] [AuthMe] Loaded library /home/ubuntu/server/mc/main/libraries/ch/jalu/injector/1.0/injector-1.0.jar
[17:42:55 INFO]: [SpigotLibraryLoader] [AuthMe] Loaded library /home/ubuntu/server/mc/main/libraries/javax/inject/javax.inject/1/javax.inject-1.jar
[17:42:55 INFO]: [SpigotLibraryLoader] [AuthMe] Loaded library /home/ubuntu/server/mc/main/libraries/javax/annotation/javax.annotation-api/1.3.1/javax.annotation-api-1.3.1.jar
[17:42:55 INFO]: [SpigotLibraryLoader] [AuthMe] Loaded library /home/ubuntu/server/mc/main/libraries/net/ricecode/string-similarity/1.0.0/string-similarity-1.0.0.jar
[17:42:55 INFO]: [SpigotLibraryLoader] [AuthMe] Loaded library /home/ubuntu/server/mc/main/libraries/com/maxmind/geoip2/geoip2/4.2.0/geoip2-4.2.0.jar
[17:42:55 INFO]: [SpigotLibraryLoader] [AuthMe] Loaded library /home/ubuntu/server/mc/main/libraries/com/maxmind/db/maxmind-db/3.1.0/maxmind-db-3.1.0.jar
[17:42:55 INFO]: [SpigotLibraryLoader] [AuthMe] Loaded library /home/ubuntu/server/mc/main/libraries/com/fasterxml/jackson/core/jackson-databind/2.16.0/jackson-databind-2.16.0.jar
[17:42:55 INFO]: [SpigotLibraryLoader] [AuthMe] Loaded library /home/ubuntu/server/mc/main/libraries/com/fasterxml/jackson/core/jackson-core/2.16.0/jackson-core-2.16.0.jar
[17:42:55 INFO]: [SpigotLibraryLoader] [AuthMe] Loaded library /home/ubuntu/server/mc/main/libraries/com/fasterxml/jackson/core/jackson-annotations/2.16.0/jackson-annotations-2.16.0.jar
[17:42:55 INFO]: [SpigotLibraryLoader] [AuthMe] Loaded library /home/ubuntu/server/mc/main/libraries/javatar/javatar/2.5/javatar-2.5.jar
[17:42:55 INFO]: [SpigotLibraryLoader] [AuthMe] Loaded library /home/ubuntu/server/mc/main/libraries/org/apache/commons/commons-email/1.6.0/commons-email-1.6.0.jar
[17:42:55 INFO]: [SpigotLibraryLoader] [AuthMe] Loaded library /home/ubuntu/server/mc/main/libraries/com/sun/mail/jakarta.mail/1.6.7/jakarta.mail-1.6.7.jar
[17:42:55 INFO]: [SpigotLibraryLoader] [AuthMe] Loaded library /home/ubuntu/server/mc/main/libraries/com/sun/activation/jakarta.activation/1.2.1/jakarta.activation-1.2.1.jar
[17:42:55 INFO]: [SpigotLibraryLoader] [AuthMe] Loaded library /home/ubuntu/server/mc/main/libraries/com/zaxxer/HikariCP/5.1.0/HikariCP-5.1.0.jar
[17:42:55 INFO]: [SpigotLibraryLoader] [AuthMe] Loaded library /home/ubuntu/server/mc/main/libraries/org/slf4j/slf4j-api/1.7.36/slf4j-api-1.7.36.jar
[17:42:55 INFO]: [SpigotLibraryLoader] [AuthMe] Loaded library /home/ubuntu/server/mc/main/libraries/org/slf4j/slf4j-simple/2.0.13/slf4j-simple-2.0.13.jar
[17:42:55 INFO]: [SpigotLibraryLoader] [AuthMe] Loaded library /home/ubuntu/server/mc/main/libraries/ch/jalu/datasourcecolumns/0.1.2/datasourcecolumns-0.1.2.jar
[17:42:55 INFO]: [SpigotLibraryLoader] [AuthMe] Loaded library /home/ubuntu/server/mc/main/libraries/com/mysql/mysql-connector-j/8.4.0/mysql-connector-j-8.4.0.jar
[17:42:55 INFO]: [SpigotLibraryLoader] [AuthMe] Loaded library /home/ubuntu/server/mc/main/libraries/com/google/protobuf/protobuf-java/3.25.1/protobuf-java-3.25.1.jar
[17:42:55 INFO]: [SpigotLibraryLoader] [AuthMe] Loaded library /home/ubuntu/server/mc/main/libraries/org/mariadb/jdbc/mariadb-java-client/3.4.0/mariadb-java-client-3.4.0.jar
[17:42:55 INFO]: [SpigotLibraryLoader] [AuthMe] Loaded library /home/ubuntu/server/mc/main/libraries/com/github/waffle/waffle-jna/3.3.0/waffle-jna-3.3.0.jar
[17:42:55 INFO]: [SpigotLibraryLoader] [AuthMe] Loaded library /home/ubuntu/server/mc/main/libraries/net/java/dev/jna/jna-platform/5.13.0/jna-platform-5.13.0.jar
[17:42:55 INFO]: [SpigotLibraryLoader] [AuthMe] Loaded library /home/ubuntu/server/mc/main/libraries/org/slf4j/jcl-over-slf4j/2.0.7/jcl-over-slf4j-2.0.7.jar
[17:42:55 INFO]: [SpigotLibraryLoader] [AuthMe] Loaded library /home/ubuntu/server/mc/main/libraries/com/github/ben-manes/caffeine/caffeine/2.9.3/caffeine-2.9.3.jar
[17:42:55 INFO]: [SpigotLibraryLoader] [AuthMe] Loaded library /home/ubuntu/server/mc/main/libraries/com/google/errorprone/error_prone_annotations/2.10.0/error_prone_annotations-2.10.0.jar
[17:42:55 INFO]: [SpigotLibraryLoader] [AuthMe] Loaded library /home/ubuntu/server/mc/main/libraries/org/postgresql/postgresql/42.7.3/postgresql-42.7.3.jar
[17:42:55 INFO]: [SpigotLibraryLoader] [AuthMe] Loaded library /home/ubuntu/server/mc/main/libraries/org/checkerframework/checker-qual/3.42.0/checker-qual-3.42.0.jar
[17:42:55 INFO]: [SpigotLibraryLoader] [AuthMe] Loaded library /home/ubuntu/server/mc/main/libraries/de/rtner/PBKDF2/1.1.4/PBKDF2-1.1.4.jar
[17:42:55 INFO]: [SpigotLibraryLoader] [AuthMe] Loaded library /home/ubuntu/server/mc/main/libraries/org/picketbox/picketbox/4.0.21.Final/picketbox-4.0.21.Final.jar
[17:42:55 INFO]: [SpigotLibraryLoader] [AuthMe] Loaded library /home/ubuntu/server/mc/main/libraries/de/mkammerer/argon2-jvm-nolibs/2.11/argon2-jvm-nolibs-2.11.jar
[17:42:55 INFO]: [SpigotLibraryLoader] [AuthMe] Loaded library /home/ubuntu/server/mc/main/libraries/net/java/dev/jna/jna/5.8.0/jna-5.8.0.jar
[17:42:55 INFO]: [SpigotLibraryLoader] [AuthMe] Loaded library /home/ubuntu/server/mc/main/libraries/at/favre/lib/bcrypt/0.10.2/bcrypt-0.10.2.jar
[17:42:55 INFO]: [SpigotLibraryLoader] [AuthMe] Loaded library /home/ubuntu/server/mc/main/libraries/at/favre/lib/bytes/1.5.0/bytes-1.5.0.jar
[17:42:55 INFO]: [SpigotLibraryLoader] [AuthMe] Loaded library /home/ubuntu/server/mc/main/libraries/com/warrenstrange/googleauth/1.5.0/googleauth-1.5.0.jar
[17:42:55 INFO]: [SpigotLibraryLoader] [AuthMe] Loaded library /home/ubuntu/server/mc/main/libraries/commons-codec/commons-codec/1.14/commons-codec-1.14.jar
[17:42:55 INFO]: [SpigotLibraryLoader] [AuthMe] Loaded library /home/ubuntu/server/mc/main/libraries/org/apache/httpcomponents/httpclient/4.5.12/httpclient-4.5.12.jar
[17:42:55 INFO]: [SpigotLibraryLoader] [AuthMe] Loaded library /home/ubuntu/server/mc/main/libraries/org/apache/httpcomponents/httpcore/4.4.13/httpcore-4.4.13.jar
[17:42:55 INFO]: [SpigotLibraryLoader] [AuthMe] Loaded library /home/ubuntu/server/mc/main/libraries/commons-logging/commons-logging/1.2/commons-logging-1.2.jar
[17:42:55 INFO]: [SpigotLibraryLoader] [AuthMe] Loaded library /home/ubuntu/server/mc/main/libraries/ch/jalu/configme/1.3.1/configme-1.3.1.jar
[17:42:55 INFO]: [SpigotLibraryLoader] [AuthMe] Loaded library /home/ubuntu/server/mc/main/libraries/org/yaml/snakeyaml/2.0/snakeyaml-2.0.jar
[17:42:55 INFO]: [SpigotLibraryLoader] [AuthMe] Loaded library /home/ubuntu/server/mc/main/libraries/org/bstats/bstats-bukkit/3.0.2/bstats-bukkit-3.0.2.jar
[17:42:55 INFO]: [SpigotLibraryLoader] [AuthMe] Loaded library /home/ubuntu/server/mc/main/libraries/org/bstats/bstats-base/3.0.2/bstats-base-3.0.2.jar
[17:42:55 INFO]: [ViaVersion] Loading server plugin ViaVersion v5.3.2
[17:42:55 INFO]: [ViaVersion] ViaVersion 5.3.2 is now loaded. Registering protocol transformers and injecting...
[17:42:55 INFO]: [ViaVersion] Loading block connection mappings ...
[17:42:56 INFO]: [ViaVersion] Using FastUtil Long2ObjectOpenHashMap for block connections
[17:42:56 INFO]: [ViaBackwards] Loading translations...
[17:42:56 INFO]: [ViaBackwards] Registering protocols...
[17:42:56 INFO]: [ViaRewind] Registering protocols...
[17:42:57 INFO]: [LuckPerms] Loading server plugin LuckPerms v5.4.145
[17:42:57 INFO]: [ViaBackwards] Loading server plugin ViaBackwards v5.3.2
[17:42:57 INFO]: [Vault] Loading server plugin Vault v2.10.0
[17:42:57 INFO]: [ViaRewind] Loading server plugin ViaRewind v4.0.7
[17:42:57 INFO]: [Essentials] Loading server plugin Essentials v2.21.0
[17:42:57 INFO]: [ViaRewind-Legacy-Support] Loading server plugin ViaRewind-Legacy-Support v1.5.2
[17:42:57 INFO]: [AuthMe] Loading server plugin AuthMe v5.7.0-SNAPSHOT-b2642
[17:42:57 INFO]: [BetterTeams] Loading server plugin BetterTeams v4.12.0
[17:42:57 INFO]: [BetterTeams] [BetterTeams] Checking if the file config.yml is up to date
[17:42:57 INFO]: [BetterTeams] [BetterTeams] File is up to date
[17:42:57 INFO]: [BountySeekers] Loading server plugin BountySeekers v2.0.0
[17:42:57 INFO]: [Chunky] Loading server plugin Chunky v1.4.36
[17:42:57 INFO]: Server permissions file permissions.yml is empty, ignoring it
[17:42:57 INFO]: [LuckPerms] Enabling LuckPerms v5.4.145
[17:42:57 INFO]: [38;2;85;255;255m       [38;2;0;170;170m __    [0m
[17:42:57 INFO]: [38;2;85;255;255m  |    [38;2;0;170;170m|__)   [38;2;0;170;0mLuckPerms[0m [38;2;85;255;255mv5.4.145[0m
[17:42:57 INFO]: [38;2;85;255;255m  |___ [38;2;0;170;170m|      [38;2;85;85;85mRunning on Bukkit - Purpur[0m
[17:42:57 INFO]: 
[17:42:57 INFO]: [LuckPerms] Loading configuration...
[17:42:57 INFO]: [LuckPerms] Loading storage provider... [H2]
[17:42:58 INFO]: [LuckPerms] Loading internal permission managers...
[17:42:58 INFO]: [LuckPerms] Performing initial data load...
[17:42:58 INFO]: [LuckPerms] Successfully enabled. (took 1465ms)
[17:42:58 INFO]: [Vault] Enabling Vault v2.10.0
[17:42:58 INFO]: [Vault] Enabled Version 2.10.0
[17:42:58 INFO]: [LuckPerms] Registered Vault permission & chat hook.
[17:42:58 INFO]: [ViaRewind] Enabling ViaRewind v4.0.7
[17:42:58 WARN]: **** SERVER IS RUNNING IN OFFLINE/INSECURE MODE!
[17:42:58 WARN]: The server will make no attempt to authenticate usernames. Beware.
[17:42:58 WARN]: Whilst this makes it possible to use BungeeCord, unless access to your server is properly restricted, it also opens up the ability for hackers to connect with any username they choose.
[17:42:58 WARN]: Please see http://www.spigotmc.org/wiki/firewall-guide/ for further information.
[17:42:58 WARN]: To change this, set "online-mode" to "true" in the server.properties file.
[17:42:58 INFO]: Preparing level "world"
[17:42:59 INFO]: Preparing start region for dimension minecraft:overworld
[17:43:00 INFO]: Time elapsed: 1055 ms
[17:43:00 INFO]: Preparing start region for dimension minecraft:the_nether
[17:43:00 INFO]: Time elapsed: 208 ms
[17:43:00 INFO]: Preparing start region for dimension minecraft:the_end
[17:43:00 INFO]: Time elapsed: 113 ms
[17:43:00 INFO]: [ViaVersion] Enabling ViaVersion v5.3.2
[17:43:00 INFO]: [ViaVersion] ViaVersion detected server version: 1.21-1.21.1 (767)
[17:43:01 INFO]: [ViaBackwards] Enabling ViaBackwards v5.3.2
[17:43:01 INFO]: [Essentials] Enabling Essentials v2.21.0
[17:43:01 ERROR]: [Essentials] You are running an unsupported server version!
[17:43:02 INFO]: [Essentials] Attempting to convert old kits in config.yml to new kits.yml
[17:43:02 INFO]: [Essentials] No kits found to migrate.
[17:43:02 INFO]: [Essentials] Selected Paper Server State Provider as the provider for ServerStateProvider
[17:43:02 INFO]: [Essentials] Selected Reflection Formatted Command Alias Provider as the provider for FormattedCommandAliasProvider
[17:43:02 INFO]: [Essentials] Selected 1.21+ InventoryView Interface ABI Provider as the provider for InventoryViewProvider
[17:43:02 INFO]: [Essentials] Selected Reflection Sync Commands Provider as the provider for SyncCommandsProvider
[17:43:02 INFO]: [Essentials] Selected 1.20.5+ Banner Data Provider as the provider for BannerDataProvider
[17:43:02 INFO]: [Essentials] Selected 1.17.1+ World Info Provider as the provider for WorldInfoProvider
[17:43:02 INFO]: [Essentials] Selected Paper Material Tag Provider as the provider for MaterialTagProvider
[17:43:02 INFO]: [Essentials] Selected 1.12+ Spawner Block Provider as the provider for SpawnerBlockProvider
[17:43:02 INFO]: [Essentials] Selected Paper Known Commands Provider as the provider for KnownCommandsProvider
[17:43:02 INFO]: [Essentials] Selected Paper Container Provider as the provider for ContainerProvider
[17:43:02 INFO]: [Essentials] Selected 1.8.3+ Spawner Item Provider as the provider for SpawnerItemProvider
[17:43:02 INFO]: [Essentials] Selected 1.11+ Item Unbreakable Provider as the provider for ItemUnbreakableProvider
[17:43:02 INFO]: [Essentials] Selected Reflection Online Mode Provider as the provider for OnlineModeProvider
[17:43:02 INFO]: [Essentials] Selected Paper Serialization Provider as the provider for SerializationProvider
[17:43:02 INFO]: [Essentials] Selected 1.20.4+ Damage Event Provider as the provider for DamageEventProvider
[17:43:02 INFO]: [Essentials] Selected 1.12.2+ Player Locale Provider as the provider for PlayerLocaleProvider
[17:43:02 INFO]: [Essentials] Selected 1.20.6+ Potion Meta Provider as the provider for PotionMetaProvider
[17:43:02 INFO]: [Essentials] Selected 1.14.4+ Persistent Data Container Provider as the provider for PersistentDataProvider
[17:43:02 INFO]: [Essentials] Selected 1.13+ Spawn Egg Provider as the provider for SpawnEggProvider
[17:43:02 INFO]: [Essentials] Selected Paper Tick Count Provider as the provider for TickCountProvider
[17:43:02 INFO]: [Essentials] Selected Paper Biome Key Provider as the provider for BiomeKeyProvider
[17:43:02 INFO]: [Essentials] Selected 1.14+ Sign Data Provider as the provider for SignDataProvider
[17:43:02 INFO]: [Essentials] Loaded 43465 items from items.json.
[17:43:02 INFO]: [Essentials] Using locale en
[17:43:02 INFO]: [Essentials] ServerListPingEvent: Spigot iterator API
[17:43:02 INFO]: [Essentials] Starting Metrics. Opt-out using the global bStats config.
[17:43:02 INFO]: [Essentials] Using Vault based permissions (LuckPerms)
[17:43:02 INFO]: [ViaRewind-Legacy-Support] Enabling ViaRewind-Legacy-Support v1.5.2
[17:43:02 INFO]: [AuthMe] Enabling AuthMe v5.7.0-SNAPSHOT-b2642
[17:43:03 INFO]: [AuthMe] SQLite Setup finished
[17:43:03 INFO]: [AuthMe] Hooked into LuckPerms!
[17:43:03 INFO]: [AuthMe] Hooked successfully into Essentials
[17:43:03 INFO]: [AuthMe] Essentials spawn file not found: '/home/ubuntu/server/mc/main/plugins/Essentials/spawn.yml'
[17:43:03 WARN]: [AuthMe] WARNING! The protectInventory feature requires ProtocolLib! Disabling it...
[17:43:03 INFO]: [AuthMe] AuthMe 5.7.0-SNAPSHOT build n.2642 successfully enabled!
[17:43:03 INFO]: [BetterTeams] Enabling BetterTeams v4.12.0
[17:43:03 INFO]: [BetterTeams] [BetterTeams] Checking if the file messages.yml is up to date
[17:43:03 INFO]: [BetterTeams] [BetterTeams] File is up to date
[17:43:03 INFO]: [BetterTeams] Display team name config value: prefix
[17:43:03 INFO]: [BetterTeams] Loading below name. Type: PREFIX
[17:43:03 INFO]: [BetterTeams] teamManagement declared: com.booksaw.betterTeams.events.MCTeamManagement@1f6ff8a2
[17:43:03 INFO]: [BountySeekers] Enabling BountySeekers v2.0.0
[17:43:03 INFO]: Enabled BountySeekers v2.0.0
[17:43:03 INFO]: Placeholder API not found - Skipping hook.
[17:43:03 INFO]: [Chunky] Enabling Chunky v1.4.36
[17:43:03 WARN]: Could not register alias sell because it contains commands that do not exist: economyshopgui:sellall $1-
[17:43:04 INFO]: [spark] Starting background profiler...
[17:43:04 INFO]: Done preparing level "world" (5.430s)
[17:43:04 INFO]: Running delayed init tasks
[17:43:04 INFO]: [ViaVersion] Finished mapping loading, shutting down loader executor.
[17:43:04 INFO]: [Essentials] Essentials found a compatible payment resolution method: Vault Compatibility Layer (v2.10.0)!
[17:43:04 INFO]: [Essentials] [38;2;255;170;0mFetching version information...[0m
[17:43:04 INFO]: [Chunky] No tasks to continue.
[17:43:04 INFO]: Done (21.426s)! For help, type "help"
[20:43:11 INFO]: UUID of player Semiboi is e6dc84f2-fb3f-3adf-aec2-71b99da4947f
[20:43:17 INFO]: [38;2;255;255;85mSemiboi joined the game[0m
[20:43:17 INFO]: Semiboi[/208.59.145.19:44642] logged in with entity id 35 at ([world]7.136859730613431, 73.0, -2097.2613441486455)
[20:43:47 INFO]: Semiboi lost connection: Login timeout exceeded, you have been kicked from the server, please try again!
[20:43:47 INFO]: [38;2;255;255;85mSemiboi left the game[0m
[20:43:50 INFO]: UUID of player Semiboi is e6dc84f2-fb3f-3adf-aec2-71b99da4947f
[20:43:53 INFO]: [38;2;255;255;85mSemiboi joined the game[0m
[20:43:53 INFO]: Semiboi[/208.59.145.19:37656] logged in with entity id 160 at ([world]7.136859730613431, 73.0, -2097.2613441486455)
[20:44:12 INFO]: [AuthMe] Semiboi logged in 208.59.145.19
[21:07:17 INFO]: [38;2;255;170;0mSigma[0m Semiboi fell from a high place
[21:07:23 INFO]: Semiboi issued server command: /back
[21:08:02 INFO]: [38;2;255;170;0mSigma[0m Semiboi fell from a high place
[21:08:07 INFO]: Semiboi issued server command: /back
[21:08:15 INFO]: Semiboi issued server command: /back
[21:08:24 INFO]: Semiboi issued server command: /back
[21:09:28 INFO]: [38;2;255;170;0mSigma[0m Semiboi fell from a high place
[21:09:51 INFO]: Semiboi issued server command: /back
[21:30:20 INFO]: [38;2;255;170;0mSigma[0m Semiboi has completed the challenge [38;2;170;0;170m[It Spreads][0m
[21:35:19 WARN]: Semiboi moved wrongly!, (-0.7582499999999968)
[21:35:31 INFO]: [38;2;255;170;0mSigma[0m Semiboi was slain by Enderman
[21:35:35 INFO]: Semiboi issued server command: /back
[21:43:46 INFO]: Semiboi lost connection: Disconnected
[21:43:46 INFO]: [38;2;255;255;85m[38;2;255;170;0mSigma[38;2;255;255;85m Semiboi left the game[0m
[21:44:46 INFO]: UUID of player Semiboi is e6dc84f2-fb3f-3adf-aec2-71b99da4947f
[21:44:50 INFO]: [38;2;255;255;85mSemiboi joined the game[0m
[21:44:50 INFO]: Semiboi[/208.59.145.19:55642] logged in with entity id 5041 at ([world]125.86860097430163, -37.0, -2147.2823168979507)
[21:44:59 INFO]: [AuthMe] Semiboi logged in 208.59.145.19
[21:53:31 INFO]: Semiboi issued server command: /back
[21:53:35 INFO]: Semiboi issued server command: /back
[21:55:52 INFO]: [38;2;255;170;0mSigma[0m Semiboi was slain by Enderman
[21:55:55 INFO]: Semiboi issued server command: /back
[21:57:04 INFO]: Semiboi issued server command: /home
[22:21:32 INFO]: UUID of player _tave is f0b5e16e-e511-3a2c-bb4a-a985f699599f
[22:21:32 INFO]: [38;2;255;255;85m_tave joined the game[0m
[22:21:32 INFO]: _tave[/107.138.62.191:47748] logged in with entity id 8464 at ([world]386.88100087904513, 63.0, -2637.497566801137)
[22:21:40 INFO]: Villager Villager['Fletcher'/8484, uuid='a4ed7df2-90fd-4cb8-8318-1e5ba86ef651', l='ServerLevel[world]', x=330.96, y=62.94, z=-2621.52, cpos=[20, -164], tl=35408, v=true] died, message: 'Fletcher was slain by Zombie'
[22:21:42 INFO]: [AuthMe] _tave used the wrong password
[22:21:42 INFO]: _tave lost connection: Wrong password!
[22:21:42 INFO]: [38;2;255;255;85m_tave left the game[0m
[22:21:46 INFO]: UUID of player _tave is f0b5e16e-e511-3a2c-bb4a-a985f699599f
[22:21:46 INFO]: [38;2;255;255;85m_tave joined the game[0m
[22:21:46 INFO]: _tave[/107.138.62.191:57636] logged in with entity id 8564 at ([world]386.9944773891792, 63.0, -2637.439665292697)
[22:21:50 INFO]: [AuthMe] The user _tave has 2 accounts:
[22:21:50 INFO]: [AuthMe] §7iatepancakes, §a_tave§7.
[22:21:50 INFO]: [AuthMe] _tave logged in 107.138.62.191
[22:21:51 INFO]: [Not Secure] [38;2;170;170;170m[[38;2;255;170;0mSigma[38;2;170;170;170m] [0m<Semiboi> les go tave
[22:21:51 INFO]: [Not Secure] [38;2;170;170;170m[[38;2;255;170;0mfdsa[38;2;170;170;170m] [0m<_tave> hi
[22:21:58 INFO]: [Not Secure] [38;2;170;170;170m[[38;2;255;170;0mSigma[38;2;170;170;170m] [0m<Semiboi> is silly there?
[22:22:05 INFO]: [Not Secure] [38;2;170;170;170m[[38;2;255;170;0mfdsa[38;2;170;170;170m] [0m<_tave> yeah hes in the room
[22:22:37 INFO]: [38;2;255;170;0mfdsa[0m _tave has made the advancement [38;2;85;255;85m[The Parrots and the Bats][0m
[22:22:43 INFO]: [38;2;255;170;0mfdsa[0m _tave has made the advancement [38;2;85;255;85m[Sweet Dreams][0m
[22:22:55 INFO]: [Not Secure] [38;2;170;170;170m[[38;2;255;170;0mfdsa[38;2;170;170;170m] [0m<_tave> sleep
[22:23:01 INFO]: [Not Secure] [38;2;170;170;170m[[38;2;255;170;0mSigma[38;2;170;170;170m] [0m<Semiboi> kk
[22:23:16 INFO]: [Not Secure] [38;2;170;170;170m[[38;2;255;170;0mfdsa[38;2;170;170;170m] [0m<_tave> erm
[22:23:17 INFO]: [Not Secure] [38;2;170;170;170m[[38;2;255;170;0mfdsa[38;2;170;170;170m] [0m<_tave> what
[22:23:22 INFO]: [Not Secure] [38;2;170;170;170m[[38;2;255;170;0mfdsa[38;2;170;170;170m] [0m<_tave> nvm its fine
[22:23:23 INFO]: [Not Secure] [38;2;170;170;170m[[38;2;255;170;0mSigma[38;2;170;170;170m] [0m<Semiboi> idk
[22:23:32 INFO]: [Not Secure] [38;2;170;170;170m[[38;2;255;170;0mfdsa[38;2;170;170;170m] [0m<_tave> uno momento
[22:23:33 INFO]: _tave lost connection: Disconnected
[22:23:33 INFO]: [38;2;255;255;85m[38;2;255;170;0mfdsa[38;2;255;255;85m _tave left the game[0m
[22:24:31 INFO]: UUID of player iatepancakes is 0f941c54-ac6d-3f20-b2bc-54be40e3bfda
[22:24:32 INFO]: [38;2;255;255;85miatepancakes joined the game[0m
[22:24:32 INFO]: iatepancakes[/107.138.62.191:46040] logged in with entity id 8895 at ([world]570.8130262838994, -12.0, -3115.5308348638537)
[22:24:36 INFO]: [Not Secure] [38;2;170;170;170m[[38;2;255;170;0mSigma[38;2;170;170;170m] [0m<Semiboi> also, i accidentaly spawned the warden and it one shot me like 5 times
[22:24:39 INFO]: [AuthMe] The user iatepancakes has 2 accounts:
[22:24:39 INFO]: [AuthMe] §7§aiatepancakes§7, _tave.
[22:24:39 INFO]: [AuthMe] iatepancakes logged in 107.138.62.191
[22:24:46 INFO]: [Not Secure] [38;2;170;170;170m[[38;2;255;170;0mSigma[38;2;170;170;170m] [0m<Semiboi> i ran so fast
[22:24:57 INFO]: [Not Secure] [38;2;170;170;170m[[38;2;255;170;0mSigma[38;2;170;170;170m] [0m<Semiboi> i didnt find an ancient city tho
[22:25:16 INFO]: [Not Secure] [38;2;170;170;170m[[38;2;255;170;0mSigma[38;2;170;170;170m] [0m<Semiboi> silly, do u have netherite or no?
[22:25:23 INFO]: [Not Secure] [38;2;170;170;170m[[38;2;255;170;0mfdsa[38;2;170;170;170m] [0m<iatepancakes> this is tave
[22:25:24 INFO]: [Not Secure] [38;2;170;170;170m[[38;2;255;170;0mfdsa[38;2;170;170;170m] [0m<iatepancakes> and no
[22:25:29 INFO]: [Not Secure] [38;2;170;170;170m[[38;2;255;170;0mSigma[38;2;170;170;170m] [0m<Semiboi> kk
[22:27:16 INFO]: [Not Secure] [38;2;170;170;170m[[38;2;255;170;0mfdsa[38;2;170;170;170m] [0m<iatepancakes> boom boom boom bam boom boom bang
[22:28:02 INFO]: UUID of player _tave is f0b5e16e-e511-3a2c-bb4a-a985f699599f
[22:28:02 INFO]: [38;2;255;255;85m_tave joined the game[0m
[22:28:02 INFO]: _tave[/107.138.62.191:59794] logged in with entity id 9737 at ([world]341.3556275190243, 64.0, -2652.3376278090827)
[22:28:10 INFO]: [AuthMe] The user _tave has 2 accounts:
[22:28:10 INFO]: [AuthMe] §7§aiatepancakes§7, §a_tave§7.
[22:28:10 INFO]: [AuthMe] _tave logged in 107.138.62.191
[22:28:19 INFO]: iatepancakes issued server command: /tpa _tave
[22:28:25 INFO]: _tave issued server command: /tpaccept
[22:28:35 INFO]: [38;2;255;170;0mfdsa[0m _tave has made the advancement [38;2;85;255;85m[Cover Me with Diamonds][0m
Terminated
[22:28:54 INFO]: Stopping server
[22:28:54 INFO]: [Chunky] Disabling Chunky v1.4.36
[22:28:54 INFO]: [BountySeekers] Disabling BountySeekers v2.0.0
[22:28:54 INFO]: Disabled BountySeekers v2.0.0
[22:28:54 INFO]: [BetterTeams] Disabling BetterTeams v4.12.0
[22:28:54 INFO]: [AuthMe] Disabling AuthMe v5.7.0-SNAPSHOT-b2642
[22:28:54 INFO]: [AuthMe] Waiting for 0 tasks to finish
[22:28:54 INFO]: [AuthMe] AuthMe 5.7.0-SNAPSHOT-b2642 disabled!
[22:28:54 INFO]: [ViaRewind-Legacy-Support] Disabling ViaRewind-Legacy-Support v1.5.2
[22:28:54 INFO]: [Essentials] Disabling Essentials v2.21.0
[22:28:54 INFO]: [ViaRewind] Disabling ViaRewind v4.0.7
[22:28:54 INFO]: [Vault] Disabling Vault v2.10.0
[22:28:54 INFO]: [ViaBackwards] Disabling ViaBackwards v5.3.2
[22:28:54 INFO]: [LuckPerms] Disabling LuckPerms v5.4.145
[22:28:54 INFO]: [LuckPerms] Starting shutdown process...
[22:28:54 INFO]: [LuckPerms] Closing storage...
[22:28:54 INFO]: [LuckPerms] Goodbye!
[22:28:54 INFO]: [ViaVersion] Disabling ViaVersion v5.3.2
[22:28:54 INFO]: [ViaVersion] ViaVersion has been disabled; uninjected the platform and shut down the scheduler.
[22:28:54 INFO]: Saving players
[22:28:54 INFO]: Semiboi lost connection: Server closed
[22:28:54 INFO]: [38;2;255;255;85mSemiboi left the game[0m
[22:28:54 INFO]: iatepancakes lost connection: Server closed
[22:28:54 INFO]: [38;2;255;255;85miatepancakes left the game[0m
[22:28:54 INFO]: _tave lost connection: Server closed
[22:28:54 INFO]: [38;2;255;255;85m_tave left the game[0m
[22:28:54 WARN]: Exception in thread "Thread-6" java.lang.NoClassDefFoundError: org/h2/api/ErrorCode
[22:28:54 WARN]: 	at org.h2.message.DbException.getJdbcSQLException(DbException.java:475)
[22:28:54 WARN]: 	at org.h2.message.DbException.get(DbException.java:212)
[22:28:54 WARN]: 	at org.h2.mvstore.db.Store.close(Store.java:402)
[22:28:54 WARN]: 	at org.h2.engine.Database.closeOpenFilesAndUnlock(Database.java:1261)
[22:28:54 WARN]: 	at org.h2.engine.Database.closeImpl(Database.java:1225)
[22:28:54 WARN]: 	at org.h2.engine.Database.close(Database.java:1144)
[22:28:54 WARN]: 	at org.h2.engine.OnExitDatabaseCloser.onShutdown(OnExitDatabaseCloser.java:85)
[22:28:54 WARN]: 	at org.h2.engine.OnExitDatabaseCloser.run(OnExitDatabaseCloser.java:114)
[22:28:54 WARN]: Caused by: java.lang.ClassNotFoundException: org.h2.api.ErrorCode
[22:28:54 WARN]: 	at java.base/java.net.URLClassLoader.findClass(URLClassLoader.java:445)
[22:28:54 WARN]: 	at java.base/java.lang.ClassLoader.loadClass(ClassLoader.java:593)
[22:28:54 WARN]: 	at java.base/java.lang.ClassLoader.loadClass(ClassLoader.java:526)
[22:28:54 WARN]: 	... 8 more
[22:28:54 INFO]: Saving worlds
[22:28:54 INFO]: Saving chunks for level 'ServerLevel[world]'/minecraft:overworld
[22:28:54 INFO]: [ChunkHolderManager] Waiting 60s for chunk system to halt for world 'world'
[22:28:54 INFO]: [ChunkHolderManager] Halted chunk system for world 'world'
[22:28:54 INFO]: [ChunkHolderManager] Saving all chunkholders for world 'world'
[22:28:55 INFO]: [ChunkHolderManager] Saved 301 block chunks, 405 entity chunks, 0 poi chunks in world 'world' in 0.44s
[22:28:55 INFO]: Saving chunks for level 'ServerLevel[world_nether]'/minecraft:the_nether
[22:28:55 INFO]: [ChunkHolderManager] Waiting 60s for chunk system to halt for world 'world_nether'
[22:28:55 INFO]: [ChunkHolderManager] Halted chunk system for world 'world_nether'
[22:28:55 INFO]: [ChunkHolderManager] Saving all chunkholders for world 'world_nether'
[22:28:55 INFO]: [ChunkHolderManager] Saved 0 block chunks, 21 entity chunks, 0 poi chunks in world 'world_nether' in 0.01s
[22:28:55 INFO]: Saving chunks for level 'ServerLevel[world_the_end]'/minecraft:the_end
[22:28:55 INFO]: [ChunkHolderManager] Waiting 60s for chunk system to halt for world 'world_the_end'
[22:28:55 INFO]: [ChunkHolderManager] Halted chunk system for world 'world_the_end'
[22:28:55 INFO]: [ChunkHolderManager] Saving all chunkholders for world 'world_the_end'
[22:28:55 INFO]: [ChunkHolderManager] Saved 0 block chunks, 10 entity chunks, 0 poi chunks in world 'world_the_end' in 0.01s
[22:28:55 INFO]: ThreadedAnvilChunkStorage (world): All chunks are saved
[22:28:55 INFO]: ThreadedAnvilChunkStorage (DIM-1): All chunks are saved
[22:28:55 INFO]: ThreadedAnvilChunkStorage (DIM1): All chunks are saved
[22:28:55 INFO]: ThreadedAnvilChunkStorage: All dimensions are saved
Running iteration 2...
WARNING: Using incubator modules: jdk.incubator.vector
Starting org.bukkit.craftbukkit.Main
WARN StatusConsoleListener Advanced terminal features are not available in this environment
[22:28:59 INFO]: [bootstrap] Running Java 21 (OpenJDK 64-Bit Server VM 21.0.6+7-LTS; Eclipse Adoptium Temurin-21.0.6+7) on Linux 6.8.0-1023-oracle (aarch64)
[22:28:59 INFO]: [bootstrap] Loading Purpur 1.21.1-2329-ver/1.21.1@803bf62 (2024-10-31T20:25:04Z) for Minecraft 1.21.1
[22:29:00 INFO]: [PluginInitializerManager] Initializing plugins...
[22:29:00 INFO]: [PluginInitializerManager] Initialized 11 plugins
[22:29:00 INFO]: [PluginInitializerManager] Bukkit plugins (11):
 - AuthMe (5.7.0-SNAPSHOT-b2642), BetterTeams (4.12.0), BountySeekers (2.0.0), Chunky (1.4.36), Essentials (2.21.0), LuckPerms (5.4.145), Vault (2.10.0), ViaBackwards (5.3.2), ViaRewind (4.0.7), ViaRewind-Legacy-Support (1.5.2), ViaVersion (5.3.2)
[22:29:05 INFO]: Environment: Environment[sessionHost=https://sessionserver.mojang.com, servicesHost=https://api.minecraftservices.com, name=PROD]
[22:29:06 INFO]: Loaded 1290 recipes
[22:29:07 INFO]: Loaded 1399 advancements
[22:29:07 INFO]: Starting minecraft server version 1.21.1
[22:29:07 INFO]: Loading properties
[22:29:07 INFO]: This server is running Purpur version 1.21.1-2329-ver/1.21.1@803bf62 (2024-10-31T20:25:04Z) (Implementing API version 1.21.1-R0.1-SNAPSHOT)
[22:29:08 INFO]: [spark] This server bundles the spark profiler. For more information please visit https://docs.papermc.io/paper/profiling
[22:29:08 INFO]: Server Ping Player Sample Count: 12
[22:29:08 INFO]: Using 4 threads for Netty based IO
[22:29:09 INFO]: [ChunkTaskScheduler] Chunk system is using 1 I/O threads, 1 worker threads, and population gen parallelism of 1 threads
[22:29:09 ERROR]: [TerminalConsole] Failed to read console input
java.io.IOException: Bad file descriptor
	at java.base/java.io.FileInputStream.readBytes(Native Method) ~[?:?]
	at java.base/java.io.FileInputStream.read(FileInputStream.java:287) ~[?:?]
	at java.base/java.io.BufferedInputStream.read1(BufferedInputStream.java:345) ~[?:?]
	at java.base/java.io.BufferedInputStream.implRead(BufferedInputStream.java:420) ~[?:?]
	at java.base/java.io.BufferedInputStream.read(BufferedInputStream.java:399) ~[?:?]
	at java.base/sun.nio.cs.StreamDecoder.readBytes(StreamDecoder.java:350) ~[?:?]
	at java.base/sun.nio.cs.StreamDecoder.implRead(StreamDecoder.java:393) ~[?:?]
	at java.base/sun.nio.cs.StreamDecoder.lockedRead(StreamDecoder.java:217) ~[?:?]
	at java.base/sun.nio.cs.StreamDecoder.read(StreamDecoder.java:171) ~[?:?]
	at java.base/java.io.InputStreamReader.read(InputStreamReader.java:188) ~[?:?]
	at java.base/java.io.BufferedReader.fill(BufferedReader.java:160) ~[?:?]
	at java.base/java.io.BufferedReader.implReadLine(BufferedReader.java:370) ~[?:?]
	at java.base/java.io.BufferedReader.readLine(BufferedReader.java:347) ~[?:?]
	at java.base/java.io.BufferedReader.readLine(BufferedReader.java:436) ~[?:?]
	at net.minecrell.terminalconsole.SimpleTerminalConsole.readCommands(SimpleTerminalConsole.java:180) ~[terminalconsoleappender-1.3.0.jar:?]
	at net.minecrell.terminalconsole.SimpleTerminalConsole.start(SimpleTerminalConsole.java:143) ~[terminalconsoleappender-1.3.0.jar:?]
	at net.minecraft.server.dedicated.DedicatedServer$1.run(DedicatedServer.java:118) ~[purpur-1.21.1.jar:1.21.1-2329-803bf62]
[22:29:09 INFO]: [Pufferfish] Max SIMD vector size on this system is 128 bits (int)
[22:29:09 INFO]: [Pufferfish] Max SIMD vector size on this system is 128 bits (float)
[22:29:09 INFO]: [Pufferfish] SIMD operations detected as functional. Will replace some operations with faster versions.
[22:29:09 INFO]: Default game type: SURVIVAL
[22:29:09 INFO]: Generating keypair
[22:29:09 INFO]: Starting Minecraft server on 0.0.0.0:25567
[22:29:09 INFO]: Using epoll channel type
[22:29:09 INFO]: Paper: Using libdeflate (Linux aarch64) compression from Velocity.
[22:29:09 INFO]: Paper: Using OpenSSL 3.x.x (Linux aarch64) cipher from Velocity.
[22:29:10 INFO]: [SpigotLibraryLoader] [AuthMe] Loading 17 libraries... please wait
[22:29:10 INFO]: [SpigotLibraryLoader] [AuthMe] Loaded library /home/ubuntu/server/mc/main/libraries/ch/jalu/injector/1.0/injector-1.0.jar
[22:29:10 INFO]: [SpigotLibraryLoader] [AuthMe] Loaded library /home/ubuntu/server/mc/main/libraries/javax/inject/javax.inject/1/javax.inject-1.jar
[22:29:10 INFO]: [SpigotLibraryLoader] [AuthMe] Loaded library /home/ubuntu/server/mc/main/libraries/javax/annotation/javax.annotation-api/1.3.1/javax.annotation-api-1.3.1.jar
[22:29:10 INFO]: [SpigotLibraryLoader] [AuthMe] Loaded library /home/ubuntu/server/mc/main/libraries/net/ricecode/string-similarity/1.0.0/string-similarity-1.0.0.jar
[22:29:10 INFO]: [SpigotLibraryLoader] [AuthMe] Loaded library /home/ubuntu/server/mc/main/libraries/com/maxmind/geoip2/geoip2/4.2.0/geoip2-4.2.0.jar
[22:29:10 INFO]: [SpigotLibraryLoader] [AuthMe] Loaded library /home/ubuntu/server/mc/main/libraries/com/maxmind/db/maxmind-db/3.1.0/maxmind-db-3.1.0.jar
[22:29:10 INFO]: [SpigotLibraryLoader] [AuthMe] Loaded library /home/ubuntu/server/mc/main/libraries/com/fasterxml/jackson/core/jackson-databind/2.16.0/jackson-databind-2.16.0.jar
[22:29:10 INFO]: [SpigotLibraryLoader] [AuthMe] Loaded library /home/ubuntu/server/mc/main/libraries/com/fasterxml/jackson/core/jackson-core/2.16.0/jackson-core-2.16.0.jar
[22:29:10 INFO]: [SpigotLibraryLoader] [AuthMe] Loaded library /home/ubuntu/server/mc/main/libraries/com/fasterxml/jackson/core/jackson-annotations/2.16.0/jackson-annotations-2.16.0.jar
[22:29:10 INFO]: [SpigotLibraryLoader] [AuthMe] Loaded library /home/ubuntu/server/mc/main/libraries/javatar/javatar/2.5/javatar-2.5.jar
[22:29:10 INFO]: [SpigotLibraryLoader] [AuthMe] Loaded library /home/ubuntu/server/mc/main/libraries/org/apache/commons/commons-email/1.6.0/commons-email-1.6.0.jar
[22:29:10 INFO]: [SpigotLibraryLoader] [AuthMe] Loaded library /home/ubuntu/server/mc/main/libraries/com/sun/mail/jakarta.mail/1.6.7/jakarta.mail-1.6.7.jar
[22:29:10 INFO]: [SpigotLibraryLoader] [AuthMe] Loaded library /home/ubuntu/server/mc/main/libraries/com/sun/activation/jakarta.activation/1.2.1/jakarta.activation-1.2.1.jar
[22:29:10 INFO]: [SpigotLibraryLoader] [AuthMe] Loaded library /home/ubuntu/server/mc/main/libraries/com/zaxxer/HikariCP/5.1.0/HikariCP-5.1.0.jar
[22:29:10 INFO]: [SpigotLibraryLoader] [AuthMe] Loaded library /home/ubuntu/server/mc/main/libraries/org/slf4j/slf4j-api/1.7.36/slf4j-api-1.7.36.jar
[22:29:10 INFO]: [SpigotLibraryLoader] [AuthMe] Loaded library /home/ubuntu/server/mc/main/libraries/org/slf4j/slf4j-simple/2.0.13/slf4j-simple-2.0.13.jar
[22:29:10 INFO]: [SpigotLibraryLoader] [AuthMe] Loaded library /home/ubuntu/server/mc/main/libraries/ch/jalu/datasourcecolumns/0.1.2/datasourcecolumns-0.1.2.jar
[22:29:10 INFO]: [SpigotLibraryLoader] [AuthMe] Loaded library /home/ubuntu/server/mc/main/libraries/com/mysql/mysql-connector-j/8.4.0/mysql-connector-j-8.4.0.jar
[22:29:10 INFO]: [SpigotLibraryLoader] [AuthMe] Loaded library /home/ubuntu/server/mc/main/libraries/com/google/protobuf/protobuf-java/3.25.1/protobuf-java-3.25.1.jar
[22:29:10 INFO]: [SpigotLibraryLoader] [AuthMe] Loaded library /home/ubuntu/server/mc/main/libraries/org/mariadb/jdbc/mariadb-java-client/3.4.0/mariadb-java-client-3.4.0.jar
[22:29:10 INFO]: [SpigotLibraryLoader] [AuthMe] Loaded library /home/ubuntu/server/mc/main/libraries/com/github/waffle/waffle-jna/3.3.0/waffle-jna-3.3.0.jar
[22:29:10 INFO]: [SpigotLibraryLoader] [AuthMe] Loaded library /home/ubuntu/server/mc/main/libraries/net/java/dev/jna/jna-platform/5.13.0/jna-platform-5.13.0.jar
[22:29:10 INFO]: [SpigotLibraryLoader] [AuthMe] Loaded library /home/ubuntu/server/mc/main/libraries/org/slf4j/jcl-over-slf4j/2.0.7/jcl-over-slf4j-2.0.7.jar
[22:29:10 INFO]: [SpigotLibraryLoader] [AuthMe] Loaded library /home/ubuntu/server/mc/main/libraries/com/github/ben-manes/caffeine/caffeine/2.9.3/caffeine-2.9.3.jar
[22:29:10 INFO]: [SpigotLibraryLoader] [AuthMe] Loaded library /home/ubuntu/server/mc/main/libraries/com/google/errorprone/error_prone_annotations/2.10.0/error_prone_annotations-2.10.0.jar
[22:29:10 INFO]: [SpigotLibraryLoader] [AuthMe] Loaded library /home/ubuntu/server/mc/main/libraries/org/postgresql/postgresql/42.7.3/postgresql-42.7.3.jar
[22:29:10 INFO]: [SpigotLibraryLoader] [AuthMe] Loaded library /home/ubuntu/server/mc/main/libraries/org/checkerframework/checker-qual/3.42.0/checker-qual-3.42.0.jar
[22:29:10 INFO]: [SpigotLibraryLoader] [AuthMe] Loaded library /home/ubuntu/server/mc/main/libraries/de/rtner/PBKDF2/1.1.4/PBKDF2-1.1.4.jar
[22:29:10 INFO]: [SpigotLibraryLoader] [AuthMe] Loaded library /home/ubuntu/server/mc/main/libraries/org/picketbox/picketbox/4.0.21.Final/picketbox-4.0.21.Final.jar
[22:29:10 INFO]: [SpigotLibraryLoader] [AuthMe] Loaded library /home/ubuntu/server/mc/main/libraries/de/mkammerer/argon2-jvm-nolibs/2.11/argon2-jvm-nolibs-2.11.jar
[22:29:10 INFO]: [SpigotLibraryLoader] [AuthMe] Loaded library /home/ubuntu/server/mc/main/libraries/net/java/dev/jna/jna/5.8.0/jna-5.8.0.jar
[22:29:10 INFO]: [SpigotLibraryLoader] [AuthMe] Loaded library /home/ubuntu/server/mc/main/libraries/at/favre/lib/bcrypt/0.10.2/bcrypt-0.10.2.jar
[22:29:10 INFO]: [SpigotLibraryLoader] [AuthMe] Loaded library /home/ubuntu/server/mc/main/libraries/at/favre/lib/bytes/1.5.0/bytes-1.5.0.jar
[22:29:10 INFO]: [SpigotLibraryLoader] [AuthMe] Loaded library /home/ubuntu/server/mc/main/libraries/com/warrenstrange/googleauth/1.5.0/googleauth-1.5.0.jar
[22:29:10 INFO]: [SpigotLibraryLoader] [AuthMe] Loaded library /home/ubuntu/server/mc/main/libraries/commons-codec/commons-codec/1.14/commons-codec-1.14.jar
[22:29:10 INFO]: [SpigotLibraryLoader] [AuthMe] Loaded library /home/ubuntu/server/mc/main/libraries/org/apache/httpcomponents/httpclient/4.5.12/httpclient-4.5.12.jar
[22:29:10 INFO]: [SpigotLibraryLoader] [AuthMe] Loaded library /home/ubuntu/server/mc/main/libraries/org/apache/httpcomponents/httpcore/4.4.13/httpcore-4.4.13.jar
[22:29:10 INFO]: [SpigotLibraryLoader] [AuthMe] Loaded library /home/ubuntu/server/mc/main/libraries/commons-logging/commons-logging/1.2/commons-logging-1.2.jar
[22:29:10 INFO]: [SpigotLibraryLoader] [AuthMe] Loaded library /home/ubuntu/server/mc/main/libraries/ch/jalu/configme/1.3.1/configme-1.3.1.jar
[22:29:10 INFO]: [SpigotLibraryLoader] [AuthMe] Loaded library /home/ubuntu/server/mc/main/libraries/org/yaml/snakeyaml/2.0/snakeyaml-2.0.jar
[22:29:10 INFO]: [SpigotLibraryLoader] [AuthMe] Loaded library /home/ubuntu/server/mc/main/libraries/org/bstats/bstats-bukkit/3.0.2/bstats-bukkit-3.0.2.jar
[22:29:10 INFO]: [SpigotLibraryLoader] [AuthMe] Loaded library /home/ubuntu/server/mc/main/libraries/org/bstats/bstats-base/3.0.2/bstats-base-3.0.2.jar
[22:29:10 INFO]: [ViaVersion] Loading server plugin ViaVersion v5.3.2
[22:29:10 INFO]: [ViaVersion] ViaVersion 5.3.2 is now loaded. Registering protocol transformers and injecting...
[22:29:11 INFO]: [ViaVersion] Loading block connection mappings ...
[22:29:11 INFO]: [ViaVersion] Using FastUtil Long2ObjectOpenHashMap for block connections
[22:29:11 INFO]: [ViaBackwards] Loading translations...
[22:29:11 INFO]: [ViaBackwards] Registering protocols...
[22:29:12 INFO]: [ViaRewind] Registering protocols...
[22:29:12 INFO]: [LuckPerms] Loading server plugin LuckPerms v5.4.145
[22:29:12 INFO]: [ViaBackwards] Loading server plugin ViaBackwards v5.3.2
[22:29:12 INFO]: [Vault] Loading server plugin Vault v2.10.0
[22:29:12 INFO]: [ViaRewind] Loading server plugin ViaRewind v4.0.7
[22:29:12 INFO]: [Essentials] Loading server plugin Essentials v2.21.0
[22:29:12 INFO]: [ViaRewind-Legacy-Support] Loading server plugin ViaRewind-Legacy-Support v1.5.2
[22:29:12 INFO]: [AuthMe] Loading server plugin AuthMe v5.7.0-SNAPSHOT-b2642
[22:29:12 INFO]: [BetterTeams] Loading server plugin BetterTeams v4.12.0
[22:29:12 INFO]: [BetterTeams] [BetterTeams] Checking if the file config.yml is up to date
[22:29:12 INFO]: [BetterTeams] [BetterTeams] File is up to date
[22:29:12 INFO]: [BountySeekers] Loading server plugin BountySeekers v2.0.0
[22:29:12 INFO]: [Chunky] Loading server plugin Chunky v1.4.36
[22:29:12 INFO]: Server permissions file permissions.yml is empty, ignoring it
[22:29:12 INFO]: [LuckPerms] Enabling LuckPerms v5.4.145
[22:29:13 INFO]: [38;2;85;255;255m       [38;2;0;170;170m __    [0m
[22:29:13 INFO]: [38;2;85;255;255m  |    [38;2;0;170;170m|__)   [38;2;0;170;0mLuckPerms[0m [38;2;85;255;255mv5.4.145[0m
[22:29:13 INFO]: [38;2;85;255;255m  |___ [38;2;0;170;170m|      [38;2;85;85;85mRunning on Bukkit - Purpur[0m
[22:29:13 INFO]: 
[22:29:13 INFO]: [LuckPerms] Loading configuration...
[22:29:13 INFO]: [LuckPerms] Loading storage provider... [H2]
[22:29:13 INFO]: [LuckPerms] Loading internal permission managers...
[22:29:14 INFO]: [LuckPerms] Performing initial data load...
[22:29:14 INFO]: [LuckPerms] Successfully enabled. (took 1378ms)
[22:29:14 INFO]: [Vault] Enabling Vault v2.10.0
[22:29:14 INFO]: [Vault] Enabled Version 2.10.0
[22:29:14 INFO]: [LuckPerms] Registered Vault permission & chat hook.
[22:29:14 INFO]: [ViaRewind] Enabling ViaRewind v4.0.7
[22:29:14 WARN]: **** SERVER IS RUNNING IN OFFLINE/INSECURE MODE!
[22:29:14 WARN]: The server will make no attempt to authenticate usernames. Beware.
[22:29:14 WARN]: Whilst this makes it possible to use BungeeCord, unless access to your server is properly restricted, it also opens up the ability for hackers to connect with any username they choose.
[22:29:14 WARN]: Please see http://www.spigotmc.org/wiki/firewall-guide/ for further information.
[22:29:14 WARN]: To change this, set "online-mode" to "true" in the server.properties file.
[22:29:14 INFO]: Preparing level "world"
[22:29:15 INFO]: Preparing start region for dimension minecraft:overworld
[22:29:16 INFO]: Time elapsed: 1116 ms
[22:29:16 INFO]: Preparing start region for dimension minecraft:the_nether
[22:29:16 INFO]: Time elapsed: 220 ms
[22:29:16 INFO]: Preparing start region for dimension minecraft:the_end
[22:29:16 INFO]: Time elapsed: 129 ms
[22:29:16 INFO]: [ViaVersion] Enabling ViaVersion v5.3.2
[22:29:16 INFO]: [ViaVersion] ViaVersion detected server version: 1.21-1.21.1 (767)
[22:29:16 INFO]: [ViaBackwards] Enabling ViaBackwards v5.3.2
[22:29:16 INFO]: [Essentials] Enabling Essentials v2.21.0
[22:29:17 ERROR]: [Essentials] You are running an unsupported server version!
[22:29:17 INFO]: [Essentials] Attempting to convert old kits in config.yml to new kits.yml
[22:29:17 INFO]: [Essentials] No kits found to migrate.
[22:29:17 INFO]: [Essentials] Selected Reflection Online Mode Provider as the provider for OnlineModeProvider
[22:29:17 INFO]: [Essentials] Selected 1.20.5+ Banner Data Provider as the provider for BannerDataProvider
[22:29:17 INFO]: [Essentials] Selected 1.13+ Spawn Egg Provider as the provider for SpawnEggProvider
[22:29:17 INFO]: [Essentials] Selected Paper Serialization Provider as the provider for SerializationProvider
[22:29:17 INFO]: [Essentials] Selected Reflection Formatted Command Alias Provider as the provider for FormattedCommandAliasProvider
[22:29:17 INFO]: [Essentials] Selected 1.8.3+ Spawner Item Provider as the provider for SpawnerItemProvider
[22:29:17 INFO]: [Essentials] Selected Paper Tick Count Provider as the provider for TickCountProvider
[22:29:17 INFO]: [Essentials] Selected 1.17.1+ World Info Provider as the provider for WorldInfoProvider
[22:29:17 INFO]: [Essentials] Selected Paper Biome Key Provider as the provider for BiomeKeyProvider
[22:29:17 INFO]: [Essentials] Selected 1.14+ Sign Data Provider as the provider for SignDataProvider
[22:29:17 INFO]: [Essentials] Selected Paper Known Commands Provider as the provider for KnownCommandsProvider
[22:29:17 INFO]: [Essentials] Selected Paper Container Provider as the provider for ContainerProvider
[22:29:17 INFO]: [Essentials] Selected 1.21+ InventoryView Interface ABI Provider as the provider for InventoryViewProvider
[22:29:17 INFO]: [Essentials] Selected 1.12+ Spawner Block Provider as the provider for SpawnerBlockProvider
[22:29:17 INFO]: [Essentials] Selected 1.20.4+ Damage Event Provider as the provider for DamageEventProvider
[22:29:17 INFO]: [Essentials] Selected Paper Material Tag Provider as the provider for MaterialTagProvider
[22:29:17 INFO]: [Essentials] Selected Reflection Sync Commands Provider as the provider for SyncCommandsProvider
[22:29:17 INFO]: [Essentials] Selected 1.20.6+ Potion Meta Provider as the provider for PotionMetaProvider
[22:29:17 INFO]: [Essentials] Selected 1.12.2+ Player Locale Provider as the provider for PlayerLocaleProvider
[22:29:17 INFO]: [Essentials] Selected 1.14.4+ Persistent Data Container Provider as the provider for PersistentDataProvider
[22:29:17 INFO]: [Essentials] Selected Paper Server State Provider as the provider for ServerStateProvider
[22:29:17 INFO]: [Essentials] Selected 1.11+ Item Unbreakable Provider as the provider for ItemUnbreakableProvider
[22:29:17 INFO]: [Essentials] Loaded 43465 items from items.json.
[22:29:17 INFO]: [Essentials] Using locale en
[22:29:17 INFO]: [Essentials] ServerListPingEvent: Spigot iterator API
[22:29:18 INFO]: [Essentials] Starting Metrics. Opt-out using the global bStats config.
[22:29:18 INFO]: [Essentials] Using Vault based permissions (LuckPerms)
[22:29:18 INFO]: [ViaRewind-Legacy-Support] Enabling ViaRewind-Legacy-Support v1.5.2
[22:29:18 INFO]: [AuthMe] Enabling AuthMe v5.7.0-SNAPSHOT-b2642
[22:29:18 INFO]: [AuthMe] SQLite Setup finished
[22:29:18 INFO]: [AuthMe] Hooked into LuckPerms!
[22:29:18 INFO]: [AuthMe] Hooked successfully into Essentials
[22:29:18 INFO]: [AuthMe] Essentials spawn file not found: '/home/ubuntu/server/mc/main/plugins/Essentials/spawn.yml'
[22:29:18 WARN]: [AuthMe] WARNING! The protectInventory feature requires ProtocolLib! Disabling it...
[22:29:18 INFO]: [AuthMe] AuthMe 5.7.0-SNAPSHOT build n.2642 successfully enabled!
[22:29:18 INFO]: [BetterTeams] Enabling BetterTeams v4.12.0
[22:29:19 INFO]: [BetterTeams] [BetterTeams] Checking if the file messages.yml is up to date
[22:29:19 INFO]: [BetterTeams] [BetterTeams] File is up to date
[22:29:19 INFO]: [BetterTeams] Display team name config value: prefix
[22:29:19 INFO]: [BetterTeams] Loading below name. Type: PREFIX
[22:29:19 INFO]: [BetterTeams] teamManagement declared: com.booksaw.betterTeams.events.MCTeamManagement@74853ef9
[22:29:19 INFO]: [BountySeekers] Enabling BountySeekers v2.0.0
[22:29:19 INFO]: Enabled BountySeekers v2.0.0
[22:29:19 INFO]: Placeholder API not found - Skipping hook.
[22:29:19 INFO]: [Chunky] Enabling Chunky v1.4.36
[22:29:19 WARN]: Could not register alias sell because it contains commands that do not exist: economyshopgui:sellall $1-
[22:29:19 INFO]: [spark] Starting background profiler...
[22:29:19 INFO]: Done preparing level "world" (5.317s)
[22:29:19 INFO]: Running delayed init tasks
[22:29:19 INFO]: [Essentials] Essentials found a compatible payment resolution method: Vault Compatibility Layer (v2.10.0)!
[22:29:19 INFO]: [ViaVersion] Finished mapping loading, shutting down loader executor.
[22:29:19 INFO]: [Essentials] [38;2;255;170;0mFetching version information...[0m
[22:29:19 INFO]: [Chunky] No tasks to continue.
[22:29:19 INFO]: Done (20.831s)! For help, type "help"
[22:29:20 INFO]: UUID of player _tave is f0b5e16e-e511-3a2c-bb4a-a985f699599f
[22:29:21 INFO]: [38;2;255;255;85m_tave joined the game[0m
[22:29:21 INFO]: _tave[/107.138.62.191:56270] logged in with entity id 34 at ([world]344.76815719865743, 63.0, -2648.909088278489)
[22:29:33 INFO]: [AuthMe] The user _tave has 2 accounts:
[22:29:33 INFO]: [AuthMe] §7iatepancakes, §a_tave§7.
[22:29:33 INFO]: [AuthMe] _tave logged in 107.138.62.191
[22:30:46 INFO]: _tave lost connection: Disconnected
[22:30:46 INFO]: [38;2;255;255;85m[38;2;255;170;0mfdsa[38;2;255;255;85m _tave left the game[0m
[22:30:55 INFO]: UUID of player _tave is f0b5e16e-e511-3a2c-bb4a-a985f699599f
[22:30:55 INFO]: [38;2;255;255;85m_tave joined the game[0m
[22:30:55 INFO]: _tave[/107.138.62.191:60144] logged in with entity id 263 at ([world]331.2922193398283, 62.9375, -2641.1237968174187)
[22:31:01 INFO]: [AuthMe] The user _tave has 2 accounts:
[22:31:01 INFO]: [AuthMe] §7iatepancakes, §a_tave§7.
[22:31:01 INFO]: [AuthMe] _tave logged in 107.138.62.191
[22:32:36 INFO]: UUID of player Semiboi is e6dc84f2-fb3f-3adf-aec2-71b99da4947f
[22:32:39 INFO]: [38;2;255;255;85mSemiboi joined the game[0m
[22:32:39 INFO]: Semiboi[/208.59.145.19:47910] logged in with entity id 568 at ([world]4.988864252670436, 73.0, -2096.400097483322)
[22:32:43 INFO]: [Not Secure] [38;2;170;170;170m[[38;2;255;170;0mfdsa[38;2;170;170;170m] [0m<_tave> hi
[22:33:09 INFO]: Semiboi lost connection: Login timeout exceeded, you have been kicked from the server, please try again!
[22:33:09 INFO]: [38;2;255;255;85mSemiboi left the game[0m
[22:33:16 INFO]: UUID of player Semiboi is e6dc84f2-fb3f-3adf-aec2-71b99da4947f
[22:33:18 INFO]: [38;2;255;255;85mSemiboi joined the game[0m
[22:33:18 INFO]: Semiboi[/208.59.145.19:35754] logged in with entity id 785 at ([world]4.988864252670436, 73.0, -2096.400097483322)
[22:33:23 INFO]: [Not Secure] [38;2;170;170;170m[[38;2;255;170;0mfdsa[38;2;170;170;170m] [0m<_tave> uh hello
[22:33:27 INFO]: [AuthMe] Semiboi logged in 208.59.145.19
[22:33:30 INFO]: [Not Secure] [38;2;170;170;170m[[38;2;255;170;0mSigma[38;2;170;170;170m] [0m<Semiboi> my bad
[22:34:06 INFO]: [Not Secure] [38;2;170;170;170m[[38;2;255;170;0mfdsa[38;2;170;170;170m] [0m<_tave> wyd
[22:34:25 INFO]: _tave issued server command: /sethome base
[22:35:31 INFO]: Semiboi issued server command: /tpa _tave
[22:35:37 INFO]: [Not Secure] [38;2;170;170;170m[[38;2;255;170;0mSigma[38;2;170;170;170m] [0m<Semiboi> accept
[22:35:40 INFO]: [Not Secure] [38;2;170;170;170m[[38;2;255;170;0mfdsa[38;2;170;170;170m] [0m<_tave> bro i have 6 netherite scrap for trade wanna trade
[22:35:45 INFO]: [Not Secure] [38;2;170;170;170m[[38;2;255;170;0mSigma[38;2;170;170;170m] [0m<Semiboi> sure
[22:35:53 INFO]: [Not Secure] [38;2;170;170;170m[[38;2;255;170;0mfdsa[38;2;170;170;170m] [0m<_tave> wait what gear do you have
[22:35:58 INFO]: [Not Secure] [38;2;170;170;170m[[38;2;255;170;0mSigma[38;2;170;170;170m] [0m<Semiboi> diamond
[22:36:04 INFO]: [Not Secure] [38;2;170;170;170m[[38;2;255;170;0mfdsa[38;2;170;170;170m] [0m<_tave> oh
[22:36:06 INFO]: [Not Secure] [38;2;170;170;170m[[38;2;255;170;0mSigma[38;2;170;170;170m] [0m<Semiboi> accept
[22:36:11 INFO]: [Not Secure] [38;2;170;170;170m[[38;2;255;170;0mfdsa[38;2;170;170;170m] [0m<_tave> wait
[22:36:19 INFO]: [Not Secure] [38;2;170;170;170m[[38;2;255;170;0mfdsa[38;2;170;170;170m] [0m<_tave> i need to go away from my base
[22:36:24 INFO]: [Not Secure] [38;2;170;170;170m[[38;2;255;170;0mSigma[38;2;170;170;170m] [0m<Semiboi> yeah
[22:36:33 INFO]: [Not Secure] [38;2;170;170;170m[[38;2;255;170;0mfdsa[38;2;170;170;170m] [0m<_tave> we can do trials together if u want
[22:36:36 INFO]: [Not Secure] [38;2;170;170;170m[[38;2;255;170;0mSigma[38;2;170;170;170m] [0m<Semiboi> sure
[22:36:40 INFO]: [Not Secure] [38;2;170;170;170m[[38;2;255;170;0mfdsa[38;2;170;170;170m] [0m<_tave> alr
[22:36:45 INFO]: [Not Secure] [38;2;170;170;170m[[38;2;255;170;0mfdsa[38;2;170;170;170m] [0m<_tave> gimme a min
[22:36:58 INFO]: [Not Secure] [38;2;170;170;170m[[38;2;255;170;0mSigma[38;2;170;170;170m] [0m<Semiboi> ima resend it soon
[22:37:00 INFO]: [Not Secure] [38;2;170;170;170m[[38;2;255;170;0mfdsa[38;2;170;170;170m] [0m<_tave> ok
[22:37:06 INFO]: [Not Secure] [38;2;170;170;170m[[38;2;255;170;0mfdsa[38;2;170;170;170m] [0m<_tave> ill tell you just wait
[22:38:02 INFO]: [Not Secure] [38;2;170;170;170m[[38;2;255;170;0mfdsa[38;2;170;170;170m] [0m<_tave> alr im here
[22:38:13 INFO]: Semiboi issued server command: /tpa _tave
[22:38:16 INFO]: _tave issued server command: /tpaccept
[22:38:20 INFO]: [Not Secure] [38;2;170;170;170m[[38;2;255;170;0mfdsa[38;2;170;170;170m] [0m<_tave> yo
[22:38:23 INFO]: [Not Secure] [38;2;170;170;170m[[38;2;255;170;0mfdsa[38;2;170;170;170m] [0m<_tave> hi
[22:38:28 INFO]: [Not Secure] [38;2;170;170;170m[[38;2;255;170;0mSigma[38;2;170;170;170m] [0m<Semiboi> nice
[22:38:32 INFO]: [Not Secure] [38;2;170;170;170m[[38;2;255;170;0mfdsa[38;2;170;170;170m] [0m<_tave> the chamber is underground
[22:38:36 INFO]: [Not Secure] [38;2;170;170;170m[[38;2;255;170;0mSigma[38;2;170;170;170m] [0m<Semiboi> kk
[22:38:36 INFO]: [Not Secure] [38;2;170;170;170m[[38;2;255;170;0mfdsa[38;2;170;170;170m] [0m<_tave> but uhh
[22:38:40 INFO]: [Not Secure] [38;2;170;170;170m[[38;2;255;170;0mfdsa[38;2;170;170;170m] [0m<_tave> waht do you have for trade
[22:38:47 INFO]: [Not Secure] [38;2;170;170;170m[[38;2;255;170;0mSigma[38;2;170;170;170m] [0m<Semiboi> oop
[22:38:59 INFO]: [Not Secure] [38;2;170;170;170m[[38;2;255;170;0mSigma[38;2;170;170;170m] [0m<Semiboi> ima give u 10 diamonds for netherite scrap
[22:39:03 INFO]: [Not Secure] [38;2;170;170;170m[[38;2;255;170;0mfdsa[38;2;170;170;170m] [0m<_tave> ok
[22:39:07 INFO]: [Not Secure] [38;2;170;170;170m[[38;2;255;170;0mSigma[38;2;170;170;170m] [0m<Semiboi> brb
[22:39:11 INFO]: [Not Secure] [38;2;170;170;170m[[38;2;255;170;0mfdsa[38;2;170;170;170m] [0m<_tave> ok
[22:39:12 INFO]: Semiboi issued server command: /home
[22:39:24 INFO]: Semiboi issued server command: /tpa _tave
[22:39:37 INFO]: [Not Secure] [38;2;170;170;170m[[38;2;255;170;0mSigma[38;2;170;170;170m] [0m<Semiboi> accept
[22:39:38 INFO]: _tave issued server command: /tpaccept
[22:39:41 INFO]: [Not Secure] [38;2;170;170;170m[[38;2;255;170;0mSigma[38;2;170;170;170m] [0m<Semiboi> nice
[22:39:44 INFO]: [Not Secure] [38;2;170;170;170m[[38;2;255;170;0mfdsa[38;2;170;170;170m] [0m<_tave> trading table
[22:39:50 INFO]: [Not Secure] [38;2;170;170;170m[[38;2;255;170;0mfdsa[38;2;170;170;170m] [0m<_tave> ok
[22:39:53 INFO]: [Not Secure] [38;2;170;170;170m[[38;2;255;170;0mfdsa[38;2;170;170;170m] [0m<_tave> drop in 3
[22:39:55 INFO]: [Not Secure] [38;2;170;170;170m[[38;2;255;170;0mfdsa[38;2;170;170;170m] [0m<_tave> 2
[22:39:57 INFO]: [Not Secure] [38;2;170;170;170m[[38;2;255;170;0mfdsa[38;2;170;170;170m] [0m<_tave> 1
[22:40:04 INFO]: Semiboi issued server command: /home
[22:40:08 INFO]: [Not Secure] [38;2;170;170;170m[[38;2;255;170;0mSigma[38;2;170;170;170m] [0m<Semiboi> nice try
[22:40:11 INFO]: [Not Secure] [38;2;170;170;170m[[38;2;255;170;0mfdsa[38;2;170;170;170m] [0m<_tave> i meant quickdrop
[22:40:15 INFO]: [Not Secure] [38;2;170;170;170m[[38;2;255;170;0mfdsa[38;2;170;170;170m] [0m<_tave> lol
[22:40:17 INFO]: [Not Secure] [38;2;170;170;170m[[38;2;255;170;0mSigma[38;2;170;170;170m] [0m<Semiboi> dude
[22:40:21 INFO]: [Not Secure] [38;2;170;170;170m[[38;2;255;170;0mSigma[38;2;170;170;170m] [0m<Semiboi> why tho
[22:40:24 INFO]: [Not Secure] [38;2;170;170;170m[[38;2;255;170;0mfdsa[38;2;170;170;170m] [0m<_tave> idk
[22:40:32 INFO]: [Not Secure] [38;2;170;170;170m[[38;2;255;170;0mfdsa[38;2;170;170;170m] [0m<_tave> im thirsty for fightings
[22:40:32 INFO]: [Not Secure] [38;2;170;170;170m[[38;2;255;170;0mSigma[38;2;170;170;170m] [0m<Semiboi> i had 10 diamonds
[22:40:45 INFO]: [Not Secure] [38;2;170;170;170m[[38;2;255;170;0mSigma[38;2;170;170;170m] [0m<Semiboi> i should have known
[22:40:52 INFO]: [Not Secure] [38;2;170;170;170m[[38;2;255;170;0mSigma[38;2;170;170;170m] [0m<Semiboi> ur SILLYS brother after all
[22:41:21 INFO]: [Not Secure] [38;2;170;170;170m[[38;2;255;170;0mSigma[38;2;170;170;170m] [0m<Semiboi> ma boi, u needa get ur own armour trim
[22:44:22 INFO]: [38;2;255;170;0mfdsa[0m _tave has made the advancement [38;2;85;255;85m[Minecraft: Trial(s) Edition][0m
[22:44:25 INFO]: [Not Secure] [38;2;170;170;170m[[38;2;255;170;0mfdsa[38;2;170;170;170m] [0m<_tave> yooo
[22:44:29 INFO]: [Not Secure] [38;2;170;170;170m[[38;2;255;170;0mSigma[38;2;170;170;170m] [0m<Semiboi> can we do the trial together?
[22:44:35 INFO]: [Not Secure] [38;2;170;170;170m[[38;2;255;170;0mfdsa[38;2;170;170;170m] [0m<_tave> sure
[22:44:39 INFO]: Semiboi issued server command: /tpa _tave
[22:44:42 INFO]: _tave issued server command: /tpaccept
[22:44:57 INFO]: [Not Secure] [38;2;170;170;170m[[38;2;255;170;0mSigma[38;2;170;170;170m] [0m<Semiboi> i mighta done this tial before
[22:45:50 INFO]: [38;2;255;170;0mSigma[0m Semiboi was shot by Bogged
[22:45:53 INFO]: Semiboi issued server command: /back
[22:45:53 INFO]: [Not Secure] [38;2;170;170;170m[[38;2;255;170;0mfdsa[38;2;170;170;170m] [0m<_tave> bruh
[22:46:11 INFO]: [Not Secure] [38;2;170;170;170m[[38;2;255;170;0mSigma[38;2;170;170;170m] [0m<Semiboi> thx
[22:46:19 INFO]: [Not Secure] [38;2;170;170;170m[[38;2;255;170;0mfdsa[38;2;170;170;170m] [0m<_tave> ./back is op
[22:46:24 INFO]: [Not Secure] [38;2;170;170;170m[[38;2;255;170;0mSigma[38;2;170;170;170m] [0m<Semiboi> can i get my trial keys?
[22:46:30 INFO]: [Not Secure] [38;2;170;170;170m[[38;2;255;170;0mfdsa[38;2;170;170;170m] [0m<_tave> ok
[22:46:41 INFO]: [Not Secure] [38;2;170;170;170m[[38;2;255;170;0mSigma[38;2;170;170;170m] [0m<Semiboi> thx
[22:46:52 INFO]: [Not Secure] [38;2;170;170;170m[[38;2;255;170;0mSigma[38;2;170;170;170m] [0m<Semiboi> i died because all sceletond aimed at me
[22:46:56 INFO]: [Not Secure] [38;2;170;170;170m[[38;2;255;170;0mSigma[38;2;170;170;170m] [0m<Semiboi> and i got poisoned
[22:47:22 INFO]: [Not Secure] [38;2;170;170;170m[[38;2;255;170;0mfdsa[38;2;170;170;170m] [0m<_tave> alr next room
[22:48:14 INFO]: [38;2;255;170;0mfdsa[0m _tave has made the advancement [38;2;85;255;85m[Who Needs Rockets?][0m
[22:48:42 INFO]: [38;2;255;170;0mSigma[0m Semiboi was slain by Silverfish
[22:48:45 INFO]: Semiboi issued server command: /back
[22:48:51 INFO]: [38;2;255;170;0mSigma[0m Semiboi was slain by [38;2;255;170;0mfdsa[0m _tave
[22:48:54 INFO]: Semiboi issued server command: /back
[22:49:03 INFO]: Semiboi issued server command: /home
[22:49:08 INFO]: [Not Secure] [38;2;170;170;170m[[38;2;255;170;0mSigma[38;2;170;170;170m] [0m<Semiboi> DUDE
[22:49:12 INFO]: [Not Secure] [38;2;170;170;170m[[38;2;255;170;0mSigma[38;2;170;170;170m] [0m<Semiboi> GIMME MY STUFF
[22:49:35 INFO]: [Not Secure] [38;2;170;170;170m[[38;2;255;170;0mSigma[38;2;170;170;170m] [0m<Semiboi> TAVE
[22:49:41 INFO]: [Not Secure] [38;2;170;170;170m[[38;2;255;170;0mfdsa[38;2;170;170;170m] [0m<_tave> yeah
[22:49:47 INFO]: [Not Secure] [38;2;170;170;170m[[38;2;255;170;0mfdsa[38;2;170;170;170m] [0m<_tave> ok gimme a bit
[22:49:49 INFO]: [Not Secure] [38;2;170;170;170m[[38;2;255;170;0mSigma[38;2;170;170;170m] [0m<Semiboi> actually gimme my stuff
[22:50:28 INFO]: Semiboi issued server command: /home
[22:51:25 INFO]: [Not Secure] [38;2;170;170;170m[[38;2;255;170;0mSigma[38;2;170;170;170m] [0m<Semiboi> can i get my stuff back now?
[22:51:28 INFO]: [Not Secure] [38;2;170;170;170m[[38;2;255;170;0mfdsa[38;2;170;170;170m] [0m<_tave> ill give you your armour in like a few min
[22:51:41 INFO]: [Not Secure] [38;2;170;170;170m[[38;2;255;170;0mfdsa[38;2;170;170;170m] [0m<_tave> wait how many homes can you set
[22:51:43 INFO]: [Not Secure] [38;2;170;170;170m[[38;2;255;170;0mfdsa[38;2;170;170;170m] [0m<_tave> is it 2
[22:51:50 INFO]: [Not Secure] [38;2;170;170;170m[[38;2;255;170;0mSigma[38;2;170;170;170m] [0m<Semiboi> yeas
[22:51:54 INFO]: [Not Secure] [38;2;170;170;170m[[38;2;255;170;0mSigma[38;2;170;170;170m] [0m<Semiboi> with the armour trim
[22:51:57 INFO]: [Not Secure] [38;2;170;170;170m[[38;2;255;170;0mfdsa[38;2;170;170;170m] [0m<_tave> ok
[22:52:40 INFO]: Semiboi issued server command: /tpa _tave
[22:52:45 INFO]: _tave issued server command: /sethome trail
[22:52:47 INFO]: _tave issued server command: /home base
[22:52:50 INFO]: [Not Secure] [38;2;170;170;170m[[38;2;255;170;0mSigma[38;2;170;170;170m] [0m<Semiboi> accept
[22:52:53 INFO]: [Not Secure] [38;2;170;170;170m[[38;2;255;170;0mSigma[38;2;170;170;170m] [0m<Semiboi> i want my armour
[22:52:58 INFO]: [Not Secure] [38;2;170;170;170m[[38;2;255;170;0mfdsa[38;2;170;170;170m] [0m<_tave> ima tp to you
[22:53:06 INFO]: _tave issued server command: /tpa Semiboi
[22:53:08 INFO]: [Not Secure] [38;2;170;170;170m[[38;2;255;170;0mSigma[38;2;170;170;170m] [0m<Semiboi> kk
[22:53:38 INFO]: [Not Secure] [38;2;170;170;170m[[38;2;255;170;0mSigma[38;2;170;170;170m] [0m<Semiboi> tpaccept
[22:53:43 INFO]: Semiboi issued server command: /tpaccept
[22:53:56 INFO]: [Not Secure] [38;2;170;170;170m[[38;2;255;170;0mSigma[38;2;170;170;170m] [0m<Semiboi> thx
[22:54:24 INFO]: [Not Secure] [38;2;170;170;170m[[38;2;255;170;0mSigma[38;2;170;170;170m] [0m<Semiboi> did u /home?
[22:54:31 INFO]: [Not Secure] [38;2;170;170;170m[[38;2;255;170;0mfdsa[38;2;170;170;170m] [0m<_tave> bruh
[22:54:34 INFO]: _tave issued server command: /home base
[22:54:38 INFO]: [Not Secure] [38;2;170;170;170m[[38;2;255;170;0mSigma[38;2;170;170;170m] [0m<Semiboi> no
[22:54:41 INFO]: [Not Secure] [38;2;170;170;170m[[38;2;255;170;0mfdsa[38;2;170;170;170m] [0m<_tave> course i did
[22:54:42 INFO]: [Not Secure] [38;2;170;170;170m[[38;2;255;170;0mSigma[38;2;170;170;170m] [0m<Semiboi> i wanted my food
[22:54:50 INFO]: [Not Secure] [38;2;170;170;170m[[38;2;255;170;0mfdsa[38;2;170;170;170m] [0m<_tave> what food
[22:54:57 INFO]: [Not Secure] [38;2;170;170;170m[[38;2;255;170;0mSigma[38;2;170;170;170m] [0m<Semiboi> the steak and mutton
[22:55:09 INFO]: [Not Secure] [38;2;170;170;170m[[38;2;255;170;0mfdsa[38;2;170;170;170m] [0m<_tave> ok
[22:55:14 INFO]: Semiboi issued server command: /tpa _tave
[22:55:18 INFO]: _tave issued server command: /tpa Semiboi
[22:55:21 INFO]: [Not Secure] [38;2;170;170;170m[[38;2;255;170;0mfdsa[38;2;170;170;170m] [0m<_tave> accept me
[22:55:23 INFO]: Semiboi issued server command: /tpacccept
[22:55:27 INFO]: Semiboi issued server command: /tpaccept
[22:56:05 INFO]: [Not Secure] [38;2;170;170;170m[[38;2;255;170;0mSigma[38;2;170;170;170m] [0m<Semiboi> go back to trial chamber
[22:56:10 INFO]: [Not Secure] [38;2;170;170;170m[[38;2;255;170;0mfdsa[38;2;170;170;170m] [0m<_tave> i did
[22:56:11 INFO]: [Not Secure] [38;2;170;170;170m[[38;2;255;170;0mSigma[38;2;170;170;170m] [0m<Semiboi> i wanna tp to u
[22:56:20 INFO]: [Not Secure] [38;2;170;170;170m[[38;2;255;170;0mfdsa[38;2;170;170;170m] [0m<_tave> why
[22:56:33 INFO]: [Not Secure] [38;2;170;170;170m[[38;2;255;170;0mSigma[38;2;170;170;170m] [0m<Semiboi> to open ominus vaults
[22:56:41 INFO]: [Not Secure] [38;2;170;170;170m[[38;2;255;170;0mfdsa[38;2;170;170;170m] [0m<_tave> just do pie chart
[22:56:43 INFO]: Semiboi issued server command: /home
[22:56:48 INFO]: [Not Secure] [38;2;170;170;170m[[38;2;255;170;0mfdsa[38;2;170;170;170m] [0m<_tave> f3 plus 1
[22:56:50 INFO]: [Not Secure] [38;2;170;170;170m[[38;2;255;170;0mSigma[38;2;170;170;170m] [0m<Semiboi> what is that?
[22:57:34 INFO]: [Not Secure] [38;2;170;170;170m[[38;2;255;170;0mSigma[38;2;170;170;170m] [0m<Semiboi> what does it do?
[22:57:37 INFO]: Semiboi issued server command: /tpa _tave
[22:57:42 INFO]: [Not Secure] [38;2;170;170;170m[[38;2;255;170;0mfdsa[38;2;170;170;170m] [0m<_tave> it can show you like
[22:57:48 INFO]: [Not Secure] [38;2;170;170;170m[[38;2;255;170;0mSigma[38;2;170;170;170m] [0m<Semiboi> just accept
[22:57:50 INFO]: [Not Secure] [38;2;170;170;170m[[38;2;255;170;0mfdsa[38;2;170;170;170m] [0m<_tave> block entities like trial vaults
[22:58:04 INFO]: [Not Secure] [38;2;170;170;170m[[38;2;255;170;0mSigma[38;2;170;170;170m] [0m<Semiboi> just accpet
[22:58:17 INFO]: [Not Secure] [38;2;170;170;170m[[38;2;255;170;0mfdsa[38;2;170;170;170m] [0m<_tave> ill do some tomorrow
[22:58:23 INFO]: [Not Secure] [38;2;170;170;170m[[38;2;255;170;0mfdsa[38;2;170;170;170m] [0m<_tave> yk what fine
[22:58:24 INFO]: [Not Secure] [38;2;170;170;170m[[38;2;255;170;0mSigma[38;2;170;170;170m] [0m<Semiboi> let me tp to u
[22:58:25 INFO]: _tave issued server command: /tpaccept
[22:58:29 INFO]: _tave issued server command: /home trail
[22:58:47 INFO]: [Not Secure] [38;2;170;170;170m[[38;2;255;170;0mSigma[38;2;170;170;170m] [0m<Semiboi> what is this?
[22:58:52 INFO]: [Not Secure] [38;2;170;170;170m[[38;2;255;170;0mfdsa[38;2;170;170;170m] [0m<_tave> wdym
[22:58:54 INFO]: [Not Secure] [38;2;170;170;170m[[38;2;255;170;0mfdsa[38;2;170;170;170m] [0m<_tave> i tped you
[22:59:02 INFO]: [Not Secure] [38;2;170;170;170m[[38;2;255;170;0mSigma[38;2;170;170;170m] [0m<Semiboi> no to the vault
[22:59:31 INFO]: Semiboi issued server command: /tpa _tave
[22:59:37 INFO]: [Not Secure] [38;2;170;170;170m[[38;2;255;170;0mSigma[38;2;170;170;170m] [0m<Semiboi> please
[22:59:45 INFO]: [Not Secure] [38;2;170;170;170m[[38;2;255;170;0mSigma[38;2;170;170;170m] [0m<Semiboi> i just needa go to the trial chamber
[23:00:05 INFO]: [38;2;255;170;0mfdsa[0m _tave has reached the goal [38;2;85;255;85m[Revaulting][0m
[23:00:18 INFO]: Semiboi issued server command: /tpa _tave
[23:00:19 INFO]: [Not Secure] [38;2;170;170;170m[[38;2;255;170;0mfdsa[38;2;170;170;170m] [0m<_tave> oof i missed it
[23:00:24 INFO]: [Not Secure] [38;2;170;170;170m[[38;2;255;170;0mSigma[38;2;170;170;170m] [0m<Semiboi> dude
[23:00:26 INFO]: [Not Secure] [38;2;170;170;170m[[38;2;255;170;0mSigma[38;2;170;170;170m] [0m<Semiboi> accept
[23:00:33 INFO]: [Not Secure] [38;2;170;170;170m[[38;2;255;170;0mfdsa[38;2;170;170;170m] [0m<_tave> look up a youtube tutorial to find trails
[23:00:41 INFO]: [Not Secure] [38;2;170;170;170m[[38;2;255;170;0mfdsa[38;2;170;170;170m] [0m<_tave> theres everywhere
[23:00:43 INFO]: [Not Secure] [38;2;170;170;170m[[38;2;255;170;0mSigma[38;2;170;170;170m] [0m<Semiboi> I ALREADY GOT TO ONE
[23:00:48 INFO]: [Not Secure] [38;2;170;170;170m[[38;2;255;170;0mSigma[38;2;170;170;170m] [0m<Semiboi> you allowed me
[23:00:49 INFO]: [Not Secure] [38;2;170;170;170m[[38;2;255;170;0mfdsa[38;2;170;170;170m] [0m<_tave> use that one
[23:00:53 INFO]: [Not Secure] [38;2;170;170;170m[[38;2;255;170;0mSigma[38;2;170;170;170m] [0m<Semiboi> no
[23:00:55 INFO]: [Not Secure] [38;2;170;170;170m[[38;2;255;170;0mSigma[38;2;170;170;170m] [0m<Semiboi> i mean
[23:01:05 INFO]: [Not Secure] [38;2;170;170;170m[[38;2;255;170;0mSigma[38;2;170;170;170m] [0m<Semiboi> i need to tp to u to get trial coords
[23:01:17 INFO]: Semiboi issued server command: /tpa _tave
[23:01:21 INFO]: Semiboi issued server command: /tpa _tave
[23:01:32 INFO]: [Not Secure] [38;2;170;170;170m[[38;2;255;170;0mSigma[38;2;170;170;170m] [0m<Semiboi> dude
[23:01:41 INFO]: [Not Secure] [38;2;170;170;170m[[38;2;255;170;0mfdsa[38;2;170;170;170m] [0m<_tave> its near my base tho
[23:01:45 INFO]: [Not Secure] [38;2;170;170;170m[[38;2;255;170;0mSigma[38;2;170;170;170m] [0m<Semiboi> u said we could do trial togther
[23:01:46 INFO]: [Not Secure] [38;2;170;170;170m[[38;2;255;170;0mfdsa[38;2;170;170;170m] [0m<_tave> i dont want you to find my base
[23:01:52 INFO]: [Not Secure] [38;2;170;170;170m[[38;2;255;170;0mfdsa[38;2;170;170;170m] [0m<_tave> change mind
[23:01:52 INFO]: [Not Secure] [38;2;170;170;170m[[38;2;255;170;0mSigma[38;2;170;170;170m] [0m<Semiboi> i wond try to find it
[23:01:57 INFO]: [Not Secure] [38;2;170;170;170m[[38;2;255;170;0mSigma[38;2;170;170;170m] [0m<Semiboi> bro
[23:02:07 INFO]: [Not Secure] [38;2;170;170;170m[[38;2;255;170;0mSigma[38;2;170;170;170m] [0m<Semiboi> i have better things to do than to look for ur base
[23:02:16 INFO]: [Not Secure] [38;2;170;170;170m[[38;2;255;170;0mSigma[38;2;170;170;170m] [0m<Semiboi> i just need trial
[23:02:21 INFO]: [Not Secure] [38;2;170;170;170m[[38;2;255;170;0mfdsa[38;2;170;170;170m] [0m<_tave> like your own trial chamber
[23:02:25 INFO]: [Not Secure] [38;2;170;170;170m[[38;2;255;170;0mSigma[38;2;170;170;170m] [0m<Semiboi> ima get vaults, then /home
[23:02:33 INFO]: [Not Secure] [38;2;170;170;170m[[38;2;255;170;0mSigma[38;2;170;170;170m] [0m<Semiboi> the one i fould is urs
[23:02:43 INFO]: [Not Secure] [38;2;170;170;170m[[38;2;255;170;0mSigma[38;2;170;170;170m] [0m<Semiboi> comon
[23:02:46 INFO]: Semiboi issued server command: /tpa _tave
[23:02:48 INFO]: [Not Secure] [38;2;170;170;170m[[38;2;255;170;0mfdsa[38;2;170;170;170m] [0m<_tave> well why would i help someone thats not on my team
[23:02:57 INFO]: [Not Secure] [38;2;170;170;170m[[38;2;255;170;0mSigma[38;2;170;170;170m] [0m<Semiboi> to be a good person
[23:03:01 INFO]: [Not Secure] [38;2;170;170;170m[[38;2;255;170;0mSigma[38;2;170;170;170m] [0m<Semiboi> i wont kill u
[23:03:21 INFO]: Semiboi issued server command: /home
[23:03:50 INFO]: [Not Secure] [38;2;170;170;170m[[38;2;255;170;0mSigma[38;2;170;170;170m] [0m<Semiboi> dude
[23:03:53 INFO]: [Not Secure] [38;2;170;170;170m[[38;2;255;170;0mSigma[38;2;170;170;170m] [0m<Semiboi> just accpet
[23:03:59 INFO]: [Not Secure] [38;2;170;170;170m[[38;2;255;170;0mSigma[38;2;170;170;170m] [0m<Semiboi> i wont look for em
[23:04:50 INFO]: [Not Secure] [38;2;170;170;170m[[38;2;255;170;0mSigma[38;2;170;170;170m] [0m<Semiboi> dude
[23:06:12 INFO]: [Not Secure] [38;2;170;170;170m[[38;2;255;170;0mfdsa[38;2;170;170;170m] [0m<_tave> YESSS
[23:06:14 INFO]: [Not Secure] [38;2;170;170;170m[[38;2;255;170;0mfdsa[38;2;170;170;170m] [0m<_tave> HEAVY CORE
[23:06:17 INFO]: [Not Secure] [38;2;170;170;170m[[38;2;255;170;0mSigma[38;2;170;170;170m] [0m<Semiboi> DUDE
[23:06:21 INFO]: [Not Secure] [38;2;170;170;170m[[38;2;255;170;0mSigma[38;2;170;170;170m] [0m<Semiboi> LET ME TP
[23:06:23 INFO]: [Not Secure] [38;2;170;170;170m[[38;2;255;170;0mSigma[38;2;170;170;170m] [0m<Semiboi> PLEASE
[23:06:28 INFO]: [Not Secure] [38;2;170;170;170m[[38;2;255;170;0mSigma[38;2;170;170;170m] [0m<Semiboi> DUDE
[23:06:30 INFO]: [Not Secure] [38;2;170;170;170m[[38;2;255;170;0mfdsa[38;2;170;170;170m] [0m<_tave> ok 1 min
[23:06:34 INFO]: [Not Secure] [38;2;170;170;170m[[38;2;255;170;0mfdsa[38;2;170;170;170m] [0m<_tave> lemme enchant
[23:06:37 INFO]: _tave issued server command: /home base
[23:06:37 INFO]: Semiboi issued server command: /tpa _tave
[23:07:23 INFO]: [38;2;255;170;0mfdsa[0m _tave has made the advancement [38;2;85;255;85m[Ice Bucket Challenge][0m
[23:07:25 INFO]: [Not Secure] [38;2;170;170;170m[[38;2;255;170;0mfdsa[38;2;170;170;170m] [0m<_tave> bru
[23:07:29 INFO]: [38;2;255;170;0mfdsa[0m _tave has made the advancement [38;2;85;255;85m[Into Fire][0m
[23:07:31 INFO]: Semiboi issued server command: /tpa _tave
[23:07:34 INFO]: [Not Secure] [38;2;170;170;170m[[38;2;255;170;0mSigma[38;2;170;170;170m] [0m<Semiboi> BRO
[23:07:36 INFO]: [Not Secure] [38;2;170;170;170m[[38;2;255;170;0mSigma[38;2;170;170;170m] [0m<Semiboi> ACCEPT
[23:08:13 INFO]: [Not Secure] [38;2;170;170;170m[[38;2;255;170;0mfdsa[38;2;170;170;170m] [0m<_tave> sry i cant
[23:08:18 INFO]: [Not Secure] [38;2;170;170;170m[[38;2;255;170;0mSigma[38;2;170;170;170m] [0m<Semiboi> U SAID ONE MIN
[23:08:21 INFO]: [Not Secure] [38;2;170;170;170m[[38;2;255;170;0mSigma[38;2;170;170;170m] [0m<Semiboi> JUST ACCEPT
[23:08:25 INFO]: [Not Secure] [38;2;170;170;170m[[38;2;255;170;0mSigma[38;2;170;170;170m] [0m<Semiboi> I WONT KILL U
[23:09:23 INFO]: [Not Secure] [38;2;170;170;170m[[38;2;255;170;0mSigma[38;2;170;170;170m] [0m<Semiboi> ill give u stronghold coords
[23:10:38 INFO]: [Not Secure] [38;2;170;170;170m[[38;2;255;170;0mSigma[38;2;170;170;170m] [0m<Semiboi> please tave
[23:11:13 INFO]: [Not Secure] [38;2;170;170;170m[[38;2;255;170;0mSigma[38;2;170;170;170m] [0m<Semiboi> tpa
[23:11:17 INFO]: Semiboi issued server command: /tpa _tave
[23:11:28 INFO]: [Not Secure] [38;2;170;170;170m[[38;2;255;170;0mfdsa[38;2;170;170;170m] [0m<_tave> bro i need to make a base now
[23:11:32 INFO]: [Not Secure] [38;2;170;170;170m[[38;2;255;170;0mSigma[38;2;170;170;170m] [0m<Semiboi> cmon
[23:11:33 INFO]: [Not Secure] [38;2;170;170;170m[[38;2;255;170;0mfdsa[38;2;170;170;170m] [0m<_tave> i cant do trails
[23:11:37 INFO]: [Not Secure] [38;2;170;170;170m[[38;2;255;170;0mSigma[38;2;170;170;170m] [0m<Semiboi> i just need trial
[23:11:42 INFO]: [Not Secure] [38;2;170;170;170m[[38;2;255;170;0mSigma[38;2;170;170;170m] [0m<Semiboi> i can do it by mysef
[23:11:55 INFO]: [Not Secure] [38;2;170;170;170m[[38;2;255;170;0mSigma[38;2;170;170;170m] [0m<Semiboi> please
[23:11:58 INFO]: [Not Secure] [38;2;170;170;170m[[38;2;255;170;0mSigma[38;2;170;170;170m] [0m<Semiboi> pls bro
[23:12:30 INFO]: [Not Secure] [38;2;170;170;170m[[38;2;255;170;0mfdsa[38;2;170;170;170m] [0m<_tave> ask jimmy where his trial chamber is
[23:12:39 INFO]: [Not Secure] [38;2;170;170;170m[[38;2;255;170;0mSigma[38;2;170;170;170m] [0m<Semiboi> hes never online
[23:12:47 INFO]: [Not Secure] [38;2;170;170;170m[[38;2;255;170;0mfdsa[38;2;170;170;170m] [0m<_tave> ask him in gc
[23:12:55 INFO]: [Not Secure] [38;2;170;170;170m[[38;2;255;170;0mSigma[38;2;170;170;170m] [0m<Semiboi> he doesnt know coords
[23:13:10 INFO]: [Not Secure] [38;2;170;170;170m[[38;2;255;170;0mfdsa[38;2;170;170;170m] [0m<_tave> isnt it literally by spawn
[23:13:14 INFO]: [Not Secure] [38;2;170;170;170m[[38;2;255;170;0mSigma[38;2;170;170;170m] [0m<Semiboi> nah
[23:13:19 INFO]: [Not Secure] [38;2;170;170;170m[[38;2;255;170;0mfdsa[38;2;170;170;170m] [0m<_tave> like when you picked core for him
[23:13:20 INFO]: [Not Secure] [38;2;170;170;170m[[38;2;255;170;0mSigma[38;2;170;170;170m] [0m<Semiboi> its far off
[23:13:25 INFO]: [Not Secure] [38;2;170;170;170m[[38;2;255;170;0mfdsa[38;2;170;170;170m] [0m<_tave> 200 -900
[23:13:26 INFO]: [Not Secure] [38;2;170;170;170m[[38;2;255;170;0mSigma[38;2;170;170;170m] [0m<Semiboi> no
[23:13:35 INFO]: [Not Secure] [38;2;170;170;170m[[38;2;255;170;0mSigma[38;2;170;170;170m] [0m<Semiboi> are those the coords?
[23:13:39 INFO]: [Not Secure] [38;2;170;170;170m[[38;2;255;170;0mfdsa[38;2;170;170;170m] [0m<_tave> tidk
[23:13:45 INFO]: [Not Secure] [38;2;170;170;170m[[38;2;255;170;0mfdsa[38;2;170;170;170m] [0m<_tave> idk
[23:13:50 INFO]: [Not Secure] [38;2;170;170;170m[[38;2;255;170;0mSigma[38;2;170;170;170m] [0m<Semiboi> please accept
[23:14:08 INFO]: [Not Secure] [38;2;170;170;170m[[38;2;255;170;0mSigma[38;2;170;170;170m] [0m<Semiboi> ima give u a trial key
[23:14:14 INFO]: [Not Secure] [38;2;170;170;170m[[38;2;255;170;0mfdsa[38;2;170;170;170m] [0m<_tave> i dont need
[23:14:17 INFO]: [Not Secure] [38;2;170;170;170m[[38;2;255;170;0mfdsa[38;2;170;170;170m] [0m<_tave> i have mace now
[23:14:19 INFO]: [Not Secure] [38;2;170;170;170m[[38;2;255;170;0mSigma[38;2;170;170;170m] [0m<Semiboi> please
[23:14:22 INFO]: [Not Secure] [38;2;170;170;170m[[38;2;255;170;0mSigma[38;2;170;170;170m] [0m<Semiboi> please bro
[23:14:26 INFO]: [Not Secure] [38;2;170;170;170m[[38;2;255;170;0mSigma[38;2;170;170;170m] [0m<Semiboi> i just need trial
[23:14:32 INFO]: [Not Secure] [38;2;170;170;170m[[38;2;255;170;0mfdsa[38;2;170;170;170m] [0m<_tave> no im at my base dude
[23:14:35 INFO]: [Not Secure] [38;2;170;170;170m[[38;2;255;170;0mfdsa[38;2;170;170;170m] [0m<_tave> holy beg
[23:14:47 INFO]: [Not Secure] [38;2;170;170;170m[[38;2;255;170;0mSigma[38;2;170;170;170m] [0m<Semiboi> im begging bc im lazy
[23:14:59 INFO]: [Not Secure] [38;2;170;170;170m[[38;2;255;170;0mSigma[38;2;170;170;170m] [0m<Semiboi> i dont wanna look for one
[23:15:03 INFO]: [Not Secure] [38;2;170;170;170m[[38;2;255;170;0mfdsa[38;2;170;170;170m] [0m<_tave> you have gear tho
[23:15:38 INFO]: [Not Secure] [38;2;170;170;170m[[38;2;255;170;0mfdsa[38;2;170;170;170m] [0m<_tave> use pie chart it takes like 5 min
[23:15:43 INFO]: [Not Secure] [38;2;170;170;170m[[38;2;255;170;0mSigma[38;2;170;170;170m] [0m<Semiboi> kk
[23:15:45 INFO]: [Not Secure] [38;2;170;170;170m[[38;2;255;170;0mSigma[38;2;170;170;170m] [0m<Semiboi> fine
[23:15:46 INFO]: [Not Secure] [38;2;170;170;170m[[38;2;255;170;0mSigma[38;2;170;170;170m] [0m<Semiboi> dang
[23:15:54 INFO]: [Not Secure] [38;2;170;170;170m[[38;2;255;170;0mSigma[38;2;170;170;170m] [0m<Semiboi> CHICKEN JOCKEY
[23:16:07 INFO]: [Not Secure] [38;2;170;170;170m[[38;2;255;170;0mfdsa[38;2;170;170;170m] [0m<_tave> you can look at a youtube tutorial to explain it more
[23:16:14 INFO]: [Not Secure] [38;2;170;170;170m[[38;2;255;170;0mfdsa[38;2;170;170;170m] [0m<_tave> im bad at teaching how it works
[23:16:41 INFO]: Semiboi issued server command: /home
[23:16:43 INFO]: Semiboi lost connection: Disconnected
[23:16:43 INFO]: [38;2;255;255;85m[38;2;255;170;0mSigma[38;2;255;255;85m Semiboi left the game[0m
[23:21:19 INFO]: /172.58.166.29:62100 lost connection: If you wish to use IP forwarding, please enable it in your BungeeCord config as well!
[23:24:04 INFO]: _tave lost connection: Disconnected
[23:24:04 INFO]: [38;2;255;255;85m[38;2;255;170;0mfdsa[38;2;255;255;85m _tave left the game[0m
[23:38:44 INFO]: Stopping server
[23:38:44 INFO]: [Chunky] Disabling Chunky v1.4.36
[23:38:44 INFO]: [BountySeekers] Disabling BountySeekers v2.0.0
[23:38:44 INFO]: Disabled BountySeekers v2.0.0
[23:38:44 INFO]: [BetterTeams] Disabling BetterTeams v4.12.0
[23:38:44 INFO]: [AuthMe] Disabling AuthMe v5.7.0-SNAPSHOT-b2642
[23:38:44 INFO]: [AuthMe] Waiting for 0 tasks to finish
[23:38:44 INFO]: [AuthMe] AuthMe 5.7.0-SNAPSHOT-b2642 disabled!
[23:38:44 INFO]: [ViaRewind-Legacy-Support] Disabling ViaRewind-Legacy-Support v1.5.2
[23:38:44 INFO]: [Essentials] Disabling Essentials v2.21.0
[23:38:44 INFO]: [ViaRewind] Disabling ViaRewind v4.0.7
[23:38:44 INFO]: [Vault] Disabling Vault v2.10.0
[23:38:44 INFO]: [ViaBackwards] Disabling ViaBackwards v5.3.2
[23:38:44 INFO]: [LuckPerms] Disabling LuckPerms v5.4.145
[23:38:44 INFO]: [LuckPerms] Starting shutdown process...
[23:38:44 INFO]: [LuckPerms] Closing storage...
[23:38:44 INFO]: [LuckPerms] Goodbye!
[23:38:44 INFO]: [ViaVersion] Disabling ViaVersion v5.3.2
[23:38:44 INFO]: [ViaVersion] ViaVersion has been disabled; uninjected the platform and shut down the scheduler.
[23:38:44 INFO]: Saving players
[23:38:44 WARN]: Exception in thread "Thread-6" java.lang.NoClassDefFoundError: org/h2/api/ErrorCode
[23:38:44 WARN]: 	at org.h2.message.DbException.getJdbcSQLException(DbException.java:475)
[23:38:44 WARN]: 	at org.h2.message.DbException.get(DbException.java:212)
[23:38:44 WARN]: 	at org.h2.mvstore.db.Store.close(Store.java:402)
[23:38:44 WARN]: 	at org.h2.engine.Database.closeOpenFilesAndUnlock(Database.java:1261)
[23:38:44 WARN]: 	at org.h2.engine.Database.closeImpl(Database.java:1225)
[23:38:44 WARN]: 	at org.h2.engine.Database.close(Database.java:1144)
[23:38:44 WARN]: 	at org.h2.engine.OnExitDatabaseCloser.onShutdown(OnExitDatabaseCloser.java:85)
[23:38:44 WARN]: 	at org.h2.engine.OnExitDatabaseCloser.run(OnExitDatabaseCloser.java:114)
[23:38:44 WARN]: Caused by: java.lang.ClassNotFoundException: org.h2.api.ErrorCode
[23:38:44 WARN]: 	at java.base/java.net.URLClassLoader.findClass(URLClassLoader.java:445)
[23:38:44 WARN]: 	at java.base/java.lang.ClassLoader.loadClass(ClassLoader.java:593)
[23:38:44 WARN]: 	at java.base/java.lang.ClassLoader.loadClass(ClassLoader.java:526)
[23:38:44 WARN]: 	... 8 more
[23:38:44 INFO]: Saving worlds
[23:38:44 INFO]: Saving chunks for level 'ServerLevel[world]'/minecraft:overworld
[23:38:44 INFO]: [ChunkHolderManager] Waiting 60s for chunk system to halt for world 'world'
[23:38:44 INFO]: [ChunkHolderManager] Halted chunk system for world 'world'
[23:38:44 INFO]: [ChunkHolderManager] Saving all chunkholders for world 'world'
[23:38:44 INFO]: [ChunkHolderManager] Saved 0 block chunks, 9 entity chunks, 0 poi chunks in world 'world' in 0.01s
[23:38:44 INFO]: Saving chunks for level 'ServerLevel[world_nether]'/minecraft:the_nether
[23:38:44 INFO]: [ChunkHolderManager] Waiting 60s for chunk system to halt for world 'world_nether'
[23:38:44 INFO]: [ChunkHolderManager] Halted chunk system for world 'world_nether'
[23:38:44 INFO]: [ChunkHolderManager] Saving all chunkholders for world 'world_nether'
[23:38:44 INFO]: [ChunkHolderManager] Saved 0 block chunks, 20 entity chunks, 0 poi chunks in world 'world_nether' in 0.02s
[23:38:44 INFO]: Saving chunks for level 'ServerLevel[world_the_end]'/minecraft:the_end
[23:38:44 INFO]: [ChunkHolderManager] Waiting 60s for chunk system to halt for world 'world_the_end'
[23:38:44 INFO]: [ChunkHolderManager] Halted chunk system for world 'world_the_end'
[23:38:44 INFO]: [ChunkHolderManager] Saving all chunkholders for world 'world_the_end'
[23:38:44 INFO]: [ChunkHolderManager] Saved 0 block chunks, 10 entity chunks, 0 poi chunks in world 'world_the_end' in 0.02s
[23:38:44 INFO]: ThreadedAnvilChunkStorage (world): All chunks are saved
[23:38:44 INFO]: ThreadedAnvilChunkStorage (DIM-1): All chunks are saved
[23:38:44 INFO]: ThreadedAnvilChunkStorage (DIM1): All chunks are saved
[23:38:44 INFO]: ThreadedAnvilChunkStorage: All dimensions are saved
WARNING: Using incubator modules: jdk.incubator.vector
Starting org.bukkit.craftbukkit.Main
WARN StatusConsoleListener Advanced terminal features are not available in this environment
[13:12:59 INFO]: [bootstrap] Running Java 21 (OpenJDK 64-Bit Server VM 21.0.6+7-LTS; Eclipse Adoptium Temurin-21.0.6+7) on Linux 6.8.0-1023-oracle (aarch64)
[13:12:59 INFO]: [bootstrap] Loading Purpur 1.21.1-2329-ver/1.21.1@803bf62 (2024-10-31T20:25:04Z) for Minecraft 1.21.1
[13:13:00 INFO]: [PluginInitializerManager] Initializing plugins...
[13:13:00 INFO]: [PluginInitializerManager] Initialized 11 plugins
[13:13:00 INFO]: [PluginInitializerManager] Bukkit plugins (11):
 - AuthMe (5.7.0-SNAPSHOT-b2642), BetterTeams (4.12.0), BountySeekers (2.0.0), Chunky (1.4.36), Essentials (2.21.0), LuckPerms (5.4.145), Vault (2.10.0), ViaBackwards (5.3.2), ViaRewind (4.0.7), ViaRewind-Legacy-Support (1.5.2), ViaVersion (5.3.2)
[13:13:05 INFO]: Environment: Environment[sessionHost=https://sessionserver.mojang.com, servicesHost=https://api.minecraftservices.com, name=PROD]
[13:13:07 INFO]: Loaded 1290 recipes
[13:13:07 INFO]: Loaded 1399 advancements
[13:13:07 INFO]: Starting minecraft server version 1.21.1
[13:13:07 INFO]: Loading properties
[13:13:07 INFO]: This server is running Purpur version 1.21.1-2329-ver/1.21.1@803bf62 (2024-10-31T20:25:04Z) (Implementing API version 1.21.1-R0.1-SNAPSHOT)
[13:13:08 INFO]: [spark] This server bundles the spark profiler. For more information please visit https://docs.papermc.io/paper/profiling
[13:13:08 INFO]: Server Ping Player Sample Count: 12
[13:13:08 INFO]: Using 4 threads for Netty based IO
[13:13:09 INFO]: [ChunkTaskScheduler] Chunk system is using 1 I/O threads, 1 worker threads, and population gen parallelism of 1 threads
[13:13:10 ERROR]: [TerminalConsole] Failed to read console input
java.io.IOException: Bad file descriptor
	at java.base/java.io.FileInputStream.readBytes(Native Method) ~[?:?]
	at java.base/java.io.FileInputStream.read(FileInputStream.java:287) ~[?:?]
	at java.base/java.io.BufferedInputStream.read1(BufferedInputStream.java:345) ~[?:?]
	at java.base/java.io.BufferedInputStream.implRead(BufferedInputStream.java:420) ~[?:?]
	at java.base/java.io.BufferedInputStream.read(BufferedInputStream.java:399) ~[?:?]
	at java.base/sun.nio.cs.StreamDecoder.readBytes(StreamDecoder.java:350) ~[?:?]
	at java.base/sun.nio.cs.StreamDecoder.implRead(StreamDecoder.java:393) ~[?:?]
	at java.base/sun.nio.cs.StreamDecoder.lockedRead(StreamDecoder.java:217) ~[?:?]
	at java.base/sun.nio.cs.StreamDecoder.read(StreamDecoder.java:171) ~[?:?]
	at java.base/java.io.InputStreamReader.read(InputStreamReader.java:188) ~[?:?]
	at java.base/java.io.BufferedReader.fill(BufferedReader.java:160) ~[?:?]
	at java.base/java.io.BufferedReader.implReadLine(BufferedReader.java:370) ~[?:?]
	at java.base/java.io.BufferedReader.readLine(BufferedReader.java:347) ~[?:?]
	at java.base/java.io.BufferedReader.readLine(BufferedReader.java:436) ~[?:?]
	at net.minecrell.terminalconsole.SimpleTerminalConsole.readCommands(SimpleTerminalConsole.java:180) ~[terminalconsoleappender-1.3.0.jar:?]
	at net.minecrell.terminalconsole.SimpleTerminalConsole.start(SimpleTerminalConsole.java:143) ~[terminalconsoleappender-1.3.0.jar:?]
	at net.minecraft.server.dedicated.DedicatedServer$1.run(DedicatedServer.java:118) ~[purpur-1.21.1.jar:1.21.1-2329-803bf62]
[13:13:10 INFO]: [Pufferfish] Max SIMD vector size on this system is 128 bits (int)
[13:13:10 INFO]: [Pufferfish] Max SIMD vector size on this system is 128 bits (float)
[13:13:10 INFO]: [Pufferfish] SIMD operations detected as functional. Will replace some operations with faster versions.
[13:13:10 INFO]: Default game type: SURVIVAL
[13:13:10 INFO]: Generating keypair
[13:13:10 INFO]: Starting Minecraft server on 0.0.0.0:25567
[13:13:10 INFO]: Using epoll channel type
[13:13:10 INFO]: Paper: Using libdeflate (Linux aarch64) compression from Velocity.
[13:13:10 INFO]: Paper: Using OpenSSL 3.x.x (Linux aarch64) cipher from Velocity.
[13:13:11 INFO]: [SpigotLibraryLoader] [AuthMe] Loading 17 libraries... please wait
[13:13:12 INFO]: [SpigotLibraryLoader] [AuthMe] Loaded library /home/ubuntu/server/mc/main/libraries/ch/jalu/injector/1.0/injector-1.0.jar
[13:13:12 INFO]: [SpigotLibraryLoader] [AuthMe] Loaded library /home/ubuntu/server/mc/main/libraries/javax/inject/javax.inject/1/javax.inject-1.jar
[13:13:12 INFO]: [SpigotLibraryLoader] [AuthMe] Loaded library /home/ubuntu/server/mc/main/libraries/javax/annotation/javax.annotation-api/1.3.1/javax.annotation-api-1.3.1.jar
[13:13:12 INFO]: [SpigotLibraryLoader] [AuthMe] Loaded library /home/ubuntu/server/mc/main/libraries/net/ricecode/string-similarity/1.0.0/string-similarity-1.0.0.jar
[13:13:12 INFO]: [SpigotLibraryLoader] [AuthMe] Loaded library /home/ubuntu/server/mc/main/libraries/com/maxmind/geoip2/geoip2/4.2.0/geoip2-4.2.0.jar
[13:13:12 INFO]: [SpigotLibraryLoader] [AuthMe] Loaded library /home/ubuntu/server/mc/main/libraries/com/maxmind/db/maxmind-db/3.1.0/maxmind-db-3.1.0.jar
[13:13:12 INFO]: [SpigotLibraryLoader] [AuthMe] Loaded library /home/ubuntu/server/mc/main/libraries/com/fasterxml/jackson/core/jackson-databind/2.16.0/jackson-databind-2.16.0.jar
[13:13:12 INFO]: [SpigotLibraryLoader] [AuthMe] Loaded library /home/ubuntu/server/mc/main/libraries/com/fasterxml/jackson/core/jackson-core/2.16.0/jackson-core-2.16.0.jar
[13:13:12 INFO]: [SpigotLibraryLoader] [AuthMe] Loaded library /home/ubuntu/server/mc/main/libraries/com/fasterxml/jackson/core/jackson-annotations/2.16.0/jackson-annotations-2.16.0.jar
[13:13:12 INFO]: [SpigotLibraryLoader] [AuthMe] Loaded library /home/ubuntu/server/mc/main/libraries/javatar/javatar/2.5/javatar-2.5.jar
[13:13:12 INFO]: [SpigotLibraryLoader] [AuthMe] Loaded library /home/ubuntu/server/mc/main/libraries/org/apache/commons/commons-email/1.6.0/commons-email-1.6.0.jar
[13:13:12 INFO]: [SpigotLibraryLoader] [AuthMe] Loaded library /home/ubuntu/server/mc/main/libraries/com/sun/mail/jakarta.mail/1.6.7/jakarta.mail-1.6.7.jar
[13:13:12 INFO]: [SpigotLibraryLoader] [AuthMe] Loaded library /home/ubuntu/server/mc/main/libraries/com/sun/activation/jakarta.activation/1.2.1/jakarta.activation-1.2.1.jar
[13:13:12 INFO]: [SpigotLibraryLoader] [AuthMe] Loaded library /home/ubuntu/server/mc/main/libraries/com/zaxxer/HikariCP/5.1.0/HikariCP-5.1.0.jar
[13:13:12 INFO]: [SpigotLibraryLoader] [AuthMe] Loaded library /home/ubuntu/server/mc/main/libraries/org/slf4j/slf4j-api/1.7.36/slf4j-api-1.7.36.jar
[13:13:12 INFO]: [SpigotLibraryLoader] [AuthMe] Loaded library /home/ubuntu/server/mc/main/libraries/org/slf4j/slf4j-simple/2.0.13/slf4j-simple-2.0.13.jar
[13:13:12 INFO]: [SpigotLibraryLoader] [AuthMe] Loaded library /home/ubuntu/server/mc/main/libraries/ch/jalu/datasourcecolumns/0.1.2/datasourcecolumns-0.1.2.jar
[13:13:12 INFO]: [SpigotLibraryLoader] [AuthMe] Loaded library /home/ubuntu/server/mc/main/libraries/com/mysql/mysql-connector-j/8.4.0/mysql-connector-j-8.4.0.jar
[13:13:12 INFO]: [SpigotLibraryLoader] [AuthMe] Loaded library /home/ubuntu/server/mc/main/libraries/com/google/protobuf/protobuf-java/3.25.1/protobuf-java-3.25.1.jar
[13:13:12 INFO]: [SpigotLibraryLoader] [AuthMe] Loaded library /home/ubuntu/server/mc/main/libraries/org/mariadb/jdbc/mariadb-java-client/3.4.0/mariadb-java-client-3.4.0.jar
[13:13:12 INFO]: [SpigotLibraryLoader] [AuthMe] Loaded library /home/ubuntu/server/mc/main/libraries/com/github/waffle/waffle-jna/3.3.0/waffle-jna-3.3.0.jar
[13:13:12 INFO]: [SpigotLibraryLoader] [AuthMe] Loaded library /home/ubuntu/server/mc/main/libraries/net/java/dev/jna/jna-platform/5.13.0/jna-platform-5.13.0.jar
[13:13:12 INFO]: [SpigotLibraryLoader] [AuthMe] Loaded library /home/ubuntu/server/mc/main/libraries/org/slf4j/jcl-over-slf4j/2.0.7/jcl-over-slf4j-2.0.7.jar
[13:13:12 INFO]: [SpigotLibraryLoader] [AuthMe] Loaded library /home/ubuntu/server/mc/main/libraries/com/github/ben-manes/caffeine/caffeine/2.9.3/caffeine-2.9.3.jar
[13:13:12 INFO]: [SpigotLibraryLoader] [AuthMe] Loaded library /home/ubuntu/server/mc/main/libraries/com/google/errorprone/error_prone_annotations/2.10.0/error_prone_annotations-2.10.0.jar
[13:13:12 INFO]: [SpigotLibraryLoader] [AuthMe] Loaded library /home/ubuntu/server/mc/main/libraries/org/postgresql/postgresql/42.7.3/postgresql-42.7.3.jar
[13:13:12 INFO]: [SpigotLibraryLoader] [AuthMe] Loaded library /home/ubuntu/server/mc/main/libraries/org/checkerframework/checker-qual/3.42.0/checker-qual-3.42.0.jar
[13:13:12 INFO]: [SpigotLibraryLoader] [AuthMe] Loaded library /home/ubuntu/server/mc/main/libraries/de/rtner/PBKDF2/1.1.4/PBKDF2-1.1.4.jar
[13:13:12 INFO]: [SpigotLibraryLoader] [AuthMe] Loaded library /home/ubuntu/server/mc/main/libraries/org/picketbox/picketbox/4.0.21.Final/picketbox-4.0.21.Final.jar
[13:13:12 INFO]: [SpigotLibraryLoader] [AuthMe] Loaded library /home/ubuntu/server/mc/main/libraries/de/mkammerer/argon2-jvm-nolibs/2.11/argon2-jvm-nolibs-2.11.jar
[13:13:12 INFO]: [SpigotLibraryLoader] [AuthMe] Loaded library /home/ubuntu/server/mc/main/libraries/net/java/dev/jna/jna/5.8.0/jna-5.8.0.jar
[13:13:12 INFO]: [SpigotLibraryLoader] [AuthMe] Loaded library /home/ubuntu/server/mc/main/libraries/at/favre/lib/bcrypt/0.10.2/bcrypt-0.10.2.jar
[13:13:12 INFO]: [SpigotLibraryLoader] [AuthMe] Loaded library /home/ubuntu/server/mc/main/libraries/at/favre/lib/bytes/1.5.0/bytes-1.5.0.jar
[13:13:12 INFO]: [SpigotLibraryLoader] [AuthMe] Loaded library /home/ubuntu/server/mc/main/libraries/com/warrenstrange/googleauth/1.5.0/googleauth-1.5.0.jar
[13:13:12 INFO]: [SpigotLibraryLoader] [AuthMe] Loaded library /home/ubuntu/server/mc/main/libraries/commons-codec/commons-codec/1.14/commons-codec-1.14.jar
[13:13:12 INFO]: [SpigotLibraryLoader] [AuthMe] Loaded library /home/ubuntu/server/mc/main/libraries/org/apache/httpcomponents/httpclient/4.5.12/httpclient-4.5.12.jar
[13:13:12 INFO]: [SpigotLibraryLoader] [AuthMe] Loaded library /home/ubuntu/server/mc/main/libraries/org/apache/httpcomponents/httpcore/4.4.13/httpcore-4.4.13.jar
[13:13:12 INFO]: [SpigotLibraryLoader] [AuthMe] Loaded library /home/ubuntu/server/mc/main/libraries/commons-logging/commons-logging/1.2/commons-logging-1.2.jar
[13:13:12 INFO]: [SpigotLibraryLoader] [AuthMe] Loaded library /home/ubuntu/server/mc/main/libraries/ch/jalu/configme/1.3.1/configme-1.3.1.jar
[13:13:12 INFO]: [SpigotLibraryLoader] [AuthMe] Loaded library /home/ubuntu/server/mc/main/libraries/org/yaml/snakeyaml/2.0/snakeyaml-2.0.jar
[13:13:12 INFO]: [SpigotLibraryLoader] [AuthMe] Loaded library /home/ubuntu/server/mc/main/libraries/org/bstats/bstats-bukkit/3.0.2/bstats-bukkit-3.0.2.jar
[13:13:12 INFO]: [SpigotLibraryLoader] [AuthMe] Loaded library /home/ubuntu/server/mc/main/libraries/org/bstats/bstats-base/3.0.2/bstats-base-3.0.2.jar
[13:13:12 INFO]: [ViaVersion] Loading server plugin ViaVersion v5.3.2
[13:13:12 INFO]: [ViaVersion] ViaVersion 5.3.2 is now loaded. Registering protocol transformers and injecting...
[13:13:12 INFO]: [ViaVersion] Loading block connection mappings ...
[13:13:13 INFO]: [ViaVersion] Using FastUtil Long2ObjectOpenHashMap for block connections
[13:13:13 INFO]: [ViaBackwards] Loading translations...
[13:13:13 INFO]: [ViaBackwards] Registering protocols...
[13:13:14 INFO]: [ViaRewind] Registering protocols...
[13:13:14 INFO]: [LuckPerms] Loading server plugin LuckPerms v5.4.145
[13:13:15 INFO]: [ViaBackwards] Loading server plugin ViaBackwards v5.3.2
[13:13:15 INFO]: [Vault] Loading server plugin Vault v2.10.0
[13:13:15 INFO]: [ViaRewind] Loading server plugin ViaRewind v4.0.7
[13:13:15 INFO]: [Essentials] Loading server plugin Essentials v2.21.0
[13:13:15 INFO]: [ViaRewind-Legacy-Support] Loading server plugin ViaRewind-Legacy-Support v1.5.2
[13:13:15 INFO]: [AuthMe] Loading server plugin AuthMe v5.7.0-SNAPSHOT-b2642
[13:13:15 INFO]: [BetterTeams] Loading server plugin BetterTeams v4.12.0
[13:13:15 INFO]: [BetterTeams] [BetterTeams] Checking if the file config.yml is up to date
[13:13:15 INFO]: [BetterTeams] [BetterTeams] File is up to date
[13:13:15 INFO]: [BountySeekers] Loading server plugin BountySeekers v2.0.0
[13:13:15 INFO]: [Chunky] Loading server plugin Chunky v1.4.36
[13:13:15 INFO]: Server permissions file permissions.yml is empty, ignoring it
[13:13:15 INFO]: [LuckPerms] Enabling LuckPerms v5.4.145
[13:13:16 INFO]: [38;2;85;255;255m       [38;2;0;170;170m __    [0m
[13:13:16 INFO]: [38;2;85;255;255m  |    [38;2;0;170;170m|__)   [38;2;0;170;0mLuckPerms[0m [38;2;85;255;255mv5.4.145[0m
[13:13:16 INFO]: [38;2;85;255;255m  |___ [38;2;0;170;170m|      [38;2;85;85;85mRunning on Bukkit - Purpur[0m
[13:13:16 INFO]: 
[13:13:16 INFO]: [LuckPerms] Loading configuration...
[13:13:16 INFO]: [LuckPerms] Loading storage provider... [H2]
[13:13:16 INFO]: [LuckPerms] Loading internal permission managers...
[13:13:17 INFO]: [LuckPerms] Performing initial data load...
[13:13:17 INFO]: [LuckPerms] Successfully enabled. (took 1686ms)
[13:13:17 INFO]: [Vault] Enabling Vault v2.10.0
[13:13:17 INFO]: [Vault] Enabled Version 2.10.0
[13:13:17 INFO]: [LuckPerms] Registered Vault permission & chat hook.
[13:13:17 INFO]: [ViaRewind] Enabling ViaRewind v4.0.7
[13:13:17 WARN]: **** SERVER IS RUNNING IN OFFLINE/INSECURE MODE!
[13:13:17 WARN]: The server will make no attempt to authenticate usernames. Beware.
[13:13:17 WARN]: While this makes the game possible to play without internet access, it also opens up the ability for hackers to connect with any username they choose.
[13:13:17 WARN]: To change this, set "online-mode" to "true" in the server.properties file.
[13:13:17 INFO]: Preparing level "world"
[13:13:18 INFO]: Preparing start region for dimension minecraft:overworld
[13:13:19 INFO]: Time elapsed: 1029 ms
[13:13:19 INFO]: Preparing start region for dimension minecraft:the_nether
[13:13:19 INFO]: Time elapsed: 247 ms
[13:13:19 INFO]: Preparing start region for dimension minecraft:the_end
[13:13:19 INFO]: Time elapsed: 98 ms
[13:13:19 INFO]: [ViaVersion] Enabling ViaVersion v5.3.2
[13:13:19 INFO]: [ViaVersion] ViaVersion detected server version: 1.21-1.21.1 (767)
[13:13:19 INFO]: [ViaBackwards] Enabling ViaBackwards v5.3.2
[13:13:19 INFO]: [Essentials] Enabling Essentials v2.21.0
[13:13:20 ERROR]: [Essentials] You are running an unsupported server version!
[13:13:20 INFO]: [Essentials] Attempting to convert old kits in config.yml to new kits.yml
[13:13:20 INFO]: [Essentials] No kits found to migrate.
[13:13:20 INFO]: [Essentials] Selected 1.20.5+ Banner Data Provider as the provider for BannerDataProvider
[13:13:20 INFO]: [Essentials] Selected 1.11+ Item Unbreakable Provider as the provider for ItemUnbreakableProvider
[13:13:20 INFO]: [Essentials] Selected Paper Container Provider as the provider for ContainerProvider
[13:13:20 INFO]: [Essentials] Selected 1.20.6+ Potion Meta Provider as the provider for PotionMetaProvider
[13:13:20 INFO]: [Essentials] Selected Paper Tick Count Provider as the provider for TickCountProvider
[13:13:20 INFO]: [Essentials] Selected Reflection Sync Commands Provider as the provider for SyncCommandsProvider
[13:13:20 INFO]: [Essentials] Selected 1.12+ Spawner Block Provider as the provider for SpawnerBlockProvider
[13:13:20 INFO]: [Essentials] Selected 1.21+ InventoryView Interface ABI Provider as the provider for InventoryViewProvider
[13:13:20 INFO]: [Essentials] Selected 1.14.4+ Persistent Data Container Provider as the provider for PersistentDataProvider
[13:13:20 INFO]: [Essentials] Selected Paper Material Tag Provider as the provider for MaterialTagProvider
[13:13:20 INFO]: [Essentials] Selected 1.8.3+ Spawner Item Provider as the provider for SpawnerItemProvider
[13:13:20 INFO]: [Essentials] Selected 1.20.4+ Damage Event Provider as the provider for DamageEventProvider
[13:13:20 INFO]: [Essentials] Selected Reflection Formatted Command Alias Provider as the provider for FormattedCommandAliasProvider
[13:13:20 INFO]: [Essentials] Selected Paper Known Commands Provider as the provider for KnownCommandsProvider
[13:13:20 INFO]: [Essentials] Selected 1.14+ Sign Data Provider as the provider for SignDataProvider
[13:13:20 INFO]: [Essentials] Selected Paper Server State Provider as the provider for ServerStateProvider
[13:13:20 INFO]: [Essentials] Selected 1.13+ Spawn Egg Provider as the provider for SpawnEggProvider
[13:13:20 INFO]: [Essentials] Selected Paper Serialization Provider as the provider for SerializationProvider
[13:13:20 INFO]: [Essentials] Selected 1.12.2+ Player Locale Provider as the provider for PlayerLocaleProvider
[13:13:20 INFO]: [Essentials] Selected Reflection Online Mode Provider as the provider for OnlineModeProvider
[13:13:20 INFO]: [Essentials] Selected Paper Biome Key Provider as the provider for BiomeKeyProvider
[13:13:20 INFO]: [Essentials] Selected 1.17.1+ World Info Provider as the provider for WorldInfoProvider
[13:13:20 INFO]: [Essentials] Loaded 43465 items from items.json.
[13:13:20 INFO]: [Essentials] Using locale en
[13:13:20 INFO]: [Essentials] ServerListPingEvent: Spigot iterator API
[13:13:21 INFO]: [Essentials] Starting Metrics. Opt-out using the global bStats config.
[13:13:21 INFO]: [Essentials] Using Vault based permissions (LuckPerms)
[13:13:21 INFO]: [ViaRewind-Legacy-Support] Enabling ViaRewind-Legacy-Support v1.5.2
[13:13:21 INFO]: [AuthMe] Enabling AuthMe v5.7.0-SNAPSHOT-b2642
[13:13:21 INFO]: [AuthMe] SQLite Setup finished
[13:13:21 INFO]: [AuthMe] Hooked into LuckPerms!
[13:13:21 INFO]: [AuthMe] Hooked successfully into Essentials
[13:13:21 INFO]: [AuthMe] Essentials spawn file not found: '/home/ubuntu/server/mc/main/plugins/Essentials/spawn.yml'
[13:13:21 WARN]: [AuthMe] WARNING! The protectInventory feature requires ProtocolLib! Disabling it...
[13:13:22 WARN]: [AuthMe] Note: Hooks.bungeecord is set to true but your server appears to be running in non-bungeecord mode (see your spigot.yml). In order to prevent untrusted payload attack, BungeeCord hook will be automatically disabled!
[13:13:22 INFO]: [AuthMe] AuthMe 5.7.0-SNAPSHOT build n.2642 successfully enabled!
[13:13:22 INFO]: [BetterTeams] Enabling BetterTeams v4.12.0
[13:13:22 INFO]: [BetterTeams] [BetterTeams] Checking if the file messages.yml is up to date
[13:13:22 INFO]: [BetterTeams] [BetterTeams] File is up to date
[13:13:22 INFO]: [BetterTeams] Display team name config value: prefix
[13:13:22 INFO]: [BetterTeams] Loading below name. Type: PREFIX
[13:13:22 INFO]: [BetterTeams] teamManagement declared: com.booksaw.betterTeams.events.MCTeamManagement@7f3bf3a6
[13:13:22 INFO]: [BountySeekers] Enabling BountySeekers v2.0.0
[13:13:22 INFO]: Enabled BountySeekers v2.0.0
[13:13:22 INFO]: Placeholder API not found - Skipping hook.
[13:13:22 INFO]: [Chunky] Enabling Chunky v1.4.36
[13:13:22 WARN]: Could not register alias sell because it contains commands that do not exist: economyshopgui:sellall $1-
[13:13:22 INFO]: [spark] Starting background profiler...
[13:13:22 INFO]: Done preparing level "world" (5.485s)
[13:13:22 INFO]: Running delayed init tasks
[13:13:22 INFO]: [Essentials] Essentials found a compatible payment resolution method: Vault Compatibility Layer (v2.10.0)!
[13:13:22 INFO]: [ViaVersion] Finished mapping loading, shutting down loader executor.
[13:13:22 INFO]: [Essentials] [38;2;255;170;0mFetching version information...[0m
[13:13:22 INFO]: [Chunky] No tasks to continue.
[13:13:22 INFO]: Done (23.723s)! For help, type "help"
[13:18:31 INFO]: /127.0.0.1:43046 lost connection: Unknown data in login hostname, did you forget to enable BungeeCord in spigot.yml?
[13:18:39 INFO]: /127.0.0.1:52728 lost connection: Unknown data in login hostname, did you forget to enable BungeeCord in spigot.yml?
[13:19:57 INFO]: Stopping server
[13:19:57 INFO]: [Chunky] Disabling Chunky v1.4.36
[13:19:57 INFO]: [BountySeekers] Disabling BountySeekers v2.0.0
[13:19:57 INFO]: Disabled BountySeekers v2.0.0
[13:19:57 INFO]: [BetterTeams] Disabling BetterTeams v4.12.0
[13:19:57 INFO]: [AuthMe] Disabling AuthMe v5.7.0-SNAPSHOT-b2642
[13:19:57 INFO]: [AuthMe] Waiting for 0 tasks to finish
[13:19:57 INFO]: [AuthMe] AuthMe 5.7.0-SNAPSHOT-b2642 disabled!
[13:19:57 INFO]: [ViaRewind-Legacy-Support] Disabling ViaRewind-Legacy-Support v1.5.2
[13:19:57 INFO]: [Essentials] Disabling Essentials v2.21.0
[13:19:57 INFO]: [ViaRewind] Disabling ViaRewind v4.0.7
[13:19:57 INFO]: [Vault] Disabling Vault v2.10.0
[13:19:57 INFO]: [ViaBackwards] Disabling ViaBackwards v5.3.2
[13:19:57 INFO]: [LuckPerms] Disabling LuckPerms v5.4.145
[13:19:57 INFO]: [LuckPerms] Starting shutdown process...
[13:19:57 INFO]: [LuckPerms] Closing storage...
[13:19:57 INFO]: [LuckPerms] Goodbye!
[13:19:57 INFO]: [ViaVersion] Disabling ViaVersion v5.3.2
[13:19:57 INFO]: [ViaVersion] ViaVersion has been disabled; uninjected the platform and shut down the scheduler.
[13:19:57 INFO]: Saving players
[13:19:57 INFO]: Saving worlds
[13:19:57 INFO]: Saving chunks for level 'ServerLevel[world]'/minecraft:overworld
[13:19:57 INFO]: [ChunkHolderManager] Waiting 60s for chunk system to halt for world 'world'
[13:19:57 INFO]: [ChunkHolderManager] Halted chunk system for world 'world'
[13:19:57 INFO]: [ChunkHolderManager] Saving all chunkholders for world 'world'
[13:19:57 INFO]: [ChunkHolderManager] Saved 0 block chunks, 9 entity chunks, 0 poi chunks in world 'world' in 0.01s
[13:19:57 INFO]: Saving chunks for level 'ServerLevel[world_nether]'/minecraft:the_nether
[13:19:57 INFO]: [ChunkHolderManager] Waiting 60s for chunk system to halt for world 'world_nether'
[13:19:57 INFO]: [ChunkHolderManager] Halted chunk system for world 'world_nether'
[13:19:57 INFO]: [ChunkHolderManager] Saving all chunkholders for world 'world_nether'
[13:19:57 INFO]: [ChunkHolderManager] Saved 0 block chunks, 3 entity chunks, 0 poi chunks in world 'world_nether' in 0.01s
[13:19:57 INFO]: Saving chunks for level 'ServerLevel[world_the_end]'/minecraft:the_end
[13:19:57 INFO]: [ChunkHolderManager] Waiting 60s for chunk system to halt for world 'world_the_end'
[13:19:57 INFO]: [ChunkHolderManager] Halted chunk system for world 'world_the_end'
[13:19:57 INFO]: [ChunkHolderManager] Saving all chunkholders for world 'world_the_end'
[13:19:57 INFO]: [ChunkHolderManager] Saved 0 block chunks, 10 entity chunks, 0 poi chunks in world 'world_the_end' in 0.01s
[13:19:57 WARN]: Exception in thread "Thread-6" java.lang.NoClassDefFoundError: org/h2/api/ErrorCode
[13:19:57 WARN]: 	at org.h2.message.DbException.getJdbcSQLException(DbException.java:475)
[13:19:57 WARN]: 	at org.h2.message.DbException.get(DbException.java:212)
[13:19:57 WARN]: 	at org.h2.mvstore.db.Store.close(Store.java:402)
[13:19:57 WARN]: 	at org.h2.engine.Database.closeOpenFilesAndUnlock(Database.java:1261)
[13:19:57 WARN]: 	at org.h2.engine.Database.closeImpl(Database.java:1225)
[13:19:57 WARN]: 	at org.h2.engine.Database.close(Database.java:1144)
[13:19:57 WARN]: 	at org.h2.engine.OnExitDatabaseCloser.onShutdown(OnExitDatabaseCloser.java:85)
[13:19:57 WARN]: 	at org.h2.engine.OnExitDatabaseCloser.run(OnExitDatabaseCloser.java:114)
[13:19:57 WARN]: Caused by: java.lang.ClassNotFoundException: org.h2.api.ErrorCode
[13:19:57 WARN]: 	at java.base/java.net.URLClassLoader.findClass(URLClassLoader.java:445)
[13:19:57 WARN]: 	at java.base/java.lang.ClassLoader.loadClass(ClassLoader.java:593)
[13:19:57 WARN]: 	at java.base/java.lang.ClassLoader.loadClass(ClassLoader.java:526)
[13:19:57 WARN]: 	... 8 more
[13:19:57 INFO]: ThreadedAnvilChunkStorage (world): All chunks are saved
[13:19:57 INFO]: ThreadedAnvilChunkStorage (DIM-1): All chunks are saved
[13:19:57 INFO]: ThreadedAnvilChunkStorage (DIM1): All chunks are saved
[13:19:57 INFO]: ThreadedAnvilChunkStorage: All dimensions are saved
Server restarting...
Press CTRL + C to stop.
WARNING: Using incubator modules: jdk.incubator.vector
Starting org.bukkit.craftbukkit.Main
WARN StatusConsoleListener Advanced terminal features are not available in this environment
[13:20:03 INFO]: [bootstrap] Running Java 21 (OpenJDK 64-Bit Server VM 21.0.6+7-LTS; Eclipse Adoptium Temurin-21.0.6+7) on Linux 6.8.0-1023-oracle (aarch64)
[13:20:03 INFO]: [bootstrap] Loading Purpur 1.21.1-2329-ver/1.21.1@803bf62 (2024-10-31T20:25:04Z) for Minecraft 1.21.1
[13:20:03 INFO]: [PluginInitializerManager] Initializing plugins...
[13:20:04 INFO]: [PluginInitializerManager] Initialized 11 plugins
[13:20:04 INFO]: [PluginInitializerManager] Bukkit plugins (11):
 - AuthMe (5.7.0-SNAPSHOT-b2642), BetterTeams (4.12.0), BountySeekers (2.0.0), Chunky (1.4.36), Essentials (2.21.0), LuckPerms (5.4.145), Vault (2.10.0), ViaBackwards (5.3.2), ViaRewind (4.0.7), ViaRewind-Legacy-Support (1.5.2), ViaVersion (5.3.2)
[13:20:08 INFO]: Environment: Environment[sessionHost=https://sessionserver.mojang.com, servicesHost=https://api.minecraftservices.com, name=PROD]
[13:20:10 INFO]: Loaded 1290 recipes
[13:20:10 INFO]: Loaded 1399 advancements
[13:20:10 INFO]: Starting minecraft server version 1.21.1
[13:20:10 INFO]: Loading properties
[13:20:10 INFO]: This server is running Purpur version 1.21.1-2329-ver/1.21.1@803bf62 (2024-10-31T20:25:04Z) (Implementing API version 1.21.1-R0.1-SNAPSHOT)
[13:20:11 INFO]: [spark] This server bundles the spark profiler. For more information please visit https://docs.papermc.io/paper/profiling
[13:20:11 INFO]: Server Ping Player Sample Count: 12
[13:20:11 INFO]: Using 4 threads for Netty based IO
[13:20:12 INFO]: [ChunkTaskScheduler] Chunk system is using 1 I/O threads, 1 worker threads, and population gen parallelism of 1 threads
[13:20:12 ERROR]: [TerminalConsole] Failed to read console input
java.io.IOException: Bad file descriptor
	at java.base/java.io.FileInputStream.readBytes(Native Method) ~[?:?]
	at java.base/java.io.FileInputStream.read(FileInputStream.java:287) ~[?:?]
	at java.base/java.io.BufferedInputStream.read1(BufferedInputStream.java:345) ~[?:?]
	at java.base/java.io.BufferedInputStream.implRead(BufferedInputStream.java:420) ~[?:?]
	at java.base/java.io.BufferedInputStream.read(BufferedInputStream.java:399) ~[?:?]
	at java.base/sun.nio.cs.StreamDecoder.readBytes(StreamDecoder.java:350) ~[?:?]
	at java.base/sun.nio.cs.StreamDecoder.implRead(StreamDecoder.java:393) ~[?:?]
	at java.base/sun.nio.cs.StreamDecoder.lockedRead(StreamDecoder.java:217) ~[?:?]
	at java.base/sun.nio.cs.StreamDecoder.read(StreamDecoder.java:171) ~[?:?]
	at java.base/java.io.InputStreamReader.read(InputStreamReader.java:188) ~[?:?]
	at java.base/java.io.BufferedReader.fill(BufferedReader.java:160) ~[?:?]
	at java.base/java.io.BufferedReader.implReadLine(BufferedReader.java:370) ~[?:?]
	at java.base/java.io.BufferedReader.readLine(BufferedReader.java:347) ~[?:?]
	at java.base/java.io.BufferedReader.readLine(BufferedReader.java:436) ~[?:?]
	at net.minecrell.terminalconsole.SimpleTerminalConsole.readCommands(SimpleTerminalConsole.java:180) ~[terminalconsoleappender-1.3.0.jar:?]
	at net.minecrell.terminalconsole.SimpleTerminalConsole.start(SimpleTerminalConsole.java:143) ~[terminalconsoleappender-1.3.0.jar:?]
	at net.minecraft.server.dedicated.DedicatedServer$1.run(DedicatedServer.java:118) ~[purpur-1.21.1.jar:1.21.1-2329-803bf62]
[13:20:12 INFO]: [Pufferfish] Max SIMD vector size on this system is 128 bits (int)
[13:20:12 INFO]: [Pufferfish] Max SIMD vector size on this system is 128 bits (float)
[13:20:12 INFO]: [Pufferfish] SIMD operations detected as functional. Will replace some operations with faster versions.
[13:20:12 INFO]: Default game type: SURVIVAL
[13:20:12 INFO]: Generating keypair
[13:20:12 INFO]: Starting Minecraft server on 0.0.0.0:25567
[13:20:13 INFO]: Using epoll channel type
[13:20:13 INFO]: Paper: Using libdeflate (Linux aarch64) compression from Velocity.
[13:20:13 INFO]: Paper: Using OpenSSL 3.x.x (Linux aarch64) cipher from Velocity.
[13:20:13 INFO]: [SpigotLibraryLoader] [AuthMe] Loading 17 libraries... please wait
[13:20:14 INFO]: [SpigotLibraryLoader] [AuthMe] Loaded library /home/ubuntu/server/mc/main/libraries/ch/jalu/injector/1.0/injector-1.0.jar
[13:20:14 INFO]: [SpigotLibraryLoader] [AuthMe] Loaded library /home/ubuntu/server/mc/main/libraries/javax/inject/javax.inject/1/javax.inject-1.jar
[13:20:14 INFO]: [SpigotLibraryLoader] [AuthMe] Loaded library /home/ubuntu/server/mc/main/libraries/javax/annotation/javax.annotation-api/1.3.1/javax.annotation-api-1.3.1.jar
[13:20:14 INFO]: [SpigotLibraryLoader] [AuthMe] Loaded library /home/ubuntu/server/mc/main/libraries/net/ricecode/string-similarity/1.0.0/string-similarity-1.0.0.jar
[13:20:14 INFO]: [SpigotLibraryLoader] [AuthMe] Loaded library /home/ubuntu/server/mc/main/libraries/com/maxmind/geoip2/geoip2/4.2.0/geoip2-4.2.0.jar
[13:20:14 INFO]: [SpigotLibraryLoader] [AuthMe] Loaded library /home/ubuntu/server/mc/main/libraries/com/maxmind/db/maxmind-db/3.1.0/maxmind-db-3.1.0.jar
[13:20:14 INFO]: [SpigotLibraryLoader] [AuthMe] Loaded library /home/ubuntu/server/mc/main/libraries/com/fasterxml/jackson/core/jackson-databind/2.16.0/jackson-databind-2.16.0.jar
[13:20:14 INFO]: [SpigotLibraryLoader] [AuthMe] Loaded library /home/ubuntu/server/mc/main/libraries/com/fasterxml/jackson/core/jackson-core/2.16.0/jackson-core-2.16.0.jar
[13:20:14 INFO]: [SpigotLibraryLoader] [AuthMe] Loaded library /home/ubuntu/server/mc/main/libraries/com/fasterxml/jackson/core/jackson-annotations/2.16.0/jackson-annotations-2.16.0.jar
[13:20:14 INFO]: [SpigotLibraryLoader] [AuthMe] Loaded library /home/ubuntu/server/mc/main/libraries/javatar/javatar/2.5/javatar-2.5.jar
[13:20:14 INFO]: [SpigotLibraryLoader] [AuthMe] Loaded library /home/ubuntu/server/mc/main/libraries/org/apache/commons/commons-email/1.6.0/commons-email-1.6.0.jar
[13:20:14 INFO]: [SpigotLibraryLoader] [AuthMe] Loaded library /home/ubuntu/server/mc/main/libraries/com/sun/mail/jakarta.mail/1.6.7/jakarta.mail-1.6.7.jar
[13:20:14 INFO]: [SpigotLibraryLoader] [AuthMe] Loaded library /home/ubuntu/server/mc/main/libraries/com/sun/activation/jakarta.activation/1.2.1/jakarta.activation-1.2.1.jar
[13:20:14 INFO]: [SpigotLibraryLoader] [AuthMe] Loaded library /home/ubuntu/server/mc/main/libraries/com/zaxxer/HikariCP/5.1.0/HikariCP-5.1.0.jar
[13:20:14 INFO]: [SpigotLibraryLoader] [AuthMe] Loaded library /home/ubuntu/server/mc/main/libraries/org/slf4j/slf4j-api/1.7.36/slf4j-api-1.7.36.jar
[13:20:14 INFO]: [SpigotLibraryLoader] [AuthMe] Loaded library /home/ubuntu/server/mc/main/libraries/org/slf4j/slf4j-simple/2.0.13/slf4j-simple-2.0.13.jar
[13:20:14 INFO]: [SpigotLibraryLoader] [AuthMe] Loaded library /home/ubuntu/server/mc/main/libraries/ch/jalu/datasourcecolumns/0.1.2/datasourcecolumns-0.1.2.jar
[13:20:14 INFO]: [SpigotLibraryLoader] [AuthMe] Loaded library /home/ubuntu/server/mc/main/libraries/com/mysql/mysql-connector-j/8.4.0/mysql-connector-j-8.4.0.jar
[13:20:14 INFO]: [SpigotLibraryLoader] [AuthMe] Loaded library /home/ubuntu/server/mc/main/libraries/com/google/protobuf/protobuf-java/3.25.1/protobuf-java-3.25.1.jar
[13:20:14 INFO]: [SpigotLibraryLoader] [AuthMe] Loaded library /home/ubuntu/server/mc/main/libraries/org/mariadb/jdbc/mariadb-java-client/3.4.0/mariadb-java-client-3.4.0.jar
[13:20:14 INFO]: [SpigotLibraryLoader] [AuthMe] Loaded library /home/ubuntu/server/mc/main/libraries/com/github/waffle/waffle-jna/3.3.0/waffle-jna-3.3.0.jar
[13:20:14 INFO]: [SpigotLibraryLoader] [AuthMe] Loaded library /home/ubuntu/server/mc/main/libraries/net/java/dev/jna/jna-platform/5.13.0/jna-platform-5.13.0.jar
[13:20:14 INFO]: [SpigotLibraryLoader] [AuthMe] Loaded library /home/ubuntu/server/mc/main/libraries/org/slf4j/jcl-over-slf4j/2.0.7/jcl-over-slf4j-2.0.7.jar
[13:20:14 INFO]: [SpigotLibraryLoader] [AuthMe] Loaded library /home/ubuntu/server/mc/main/libraries/com/github/ben-manes/caffeine/caffeine/2.9.3/caffeine-2.9.3.jar
[13:20:14 INFO]: [SpigotLibraryLoader] [AuthMe] Loaded library /home/ubuntu/server/mc/main/libraries/com/google/errorprone/error_prone_annotations/2.10.0/error_prone_annotations-2.10.0.jar
[13:20:14 INFO]: [SpigotLibraryLoader] [AuthMe] Loaded library /home/ubuntu/server/mc/main/libraries/org/postgresql/postgresql/42.7.3/postgresql-42.7.3.jar
[13:20:14 INFO]: [SpigotLibraryLoader] [AuthMe] Loaded library /home/ubuntu/server/mc/main/libraries/org/checkerframework/checker-qual/3.42.0/checker-qual-3.42.0.jar
[13:20:14 INFO]: [SpigotLibraryLoader] [AuthMe] Loaded library /home/ubuntu/server/mc/main/libraries/de/rtner/PBKDF2/1.1.4/PBKDF2-1.1.4.jar
[13:20:14 INFO]: [SpigotLibraryLoader] [AuthMe] Loaded library /home/ubuntu/server/mc/main/libraries/org/picketbox/picketbox/4.0.21.Final/picketbox-4.0.21.Final.jar
[13:20:14 INFO]: [SpigotLibraryLoader] [AuthMe] Loaded library /home/ubuntu/server/mc/main/libraries/de/mkammerer/argon2-jvm-nolibs/2.11/argon2-jvm-nolibs-2.11.jar
[13:20:14 INFO]: [SpigotLibraryLoader] [AuthMe] Loaded library /home/ubuntu/server/mc/main/libraries/net/java/dev/jna/jna/5.8.0/jna-5.8.0.jar
[13:20:14 INFO]: [SpigotLibraryLoader] [AuthMe] Loaded library /home/ubuntu/server/mc/main/libraries/at/favre/lib/bcrypt/0.10.2/bcrypt-0.10.2.jar
[13:20:14 INFO]: [SpigotLibraryLoader] [AuthMe] Loaded library /home/ubuntu/server/mc/main/libraries/at/favre/lib/bytes/1.5.0/bytes-1.5.0.jar
[13:20:14 INFO]: [SpigotLibraryLoader] [AuthMe] Loaded library /home/ubuntu/server/mc/main/libraries/com/warrenstrange/googleauth/1.5.0/googleauth-1.5.0.jar
[13:20:14 INFO]: [SpigotLibraryLoader] [AuthMe] Loaded library /home/ubuntu/server/mc/main/libraries/commons-codec/commons-codec/1.14/commons-codec-1.14.jar
[13:20:14 INFO]: [SpigotLibraryLoader] [AuthMe] Loaded library /home/ubuntu/server/mc/main/libraries/org/apache/httpcomponents/httpclient/4.5.12/httpclient-4.5.12.jar
[13:20:14 INFO]: [SpigotLibraryLoader] [AuthMe] Loaded library /home/ubuntu/server/mc/main/libraries/org/apache/httpcomponents/httpcore/4.4.13/httpcore-4.4.13.jar
[13:20:14 INFO]: [SpigotLibraryLoader] [AuthMe] Loaded library /home/ubuntu/server/mc/main/libraries/commons-logging/commons-logging/1.2/commons-logging-1.2.jar
[13:20:14 INFO]: [SpigotLibraryLoader] [AuthMe] Loaded library /home/ubuntu/server/mc/main/libraries/ch/jalu/configme/1.3.1/configme-1.3.1.jar
[13:20:14 INFO]: [SpigotLibraryLoader] [AuthMe] Loaded library /home/ubuntu/server/mc/main/libraries/org/yaml/snakeyaml/2.0/snakeyaml-2.0.jar
[13:20:14 INFO]: [SpigotLibraryLoader] [AuthMe] Loaded library /home/ubuntu/server/mc/main/libraries/org/bstats/bstats-bukkit/3.0.2/bstats-bukkit-3.0.2.jar
[13:20:14 INFO]: [SpigotLibraryLoader] [AuthMe] Loaded library /home/ubuntu/server/mc/main/libraries/org/bstats/bstats-base/3.0.2/bstats-base-3.0.2.jar
[13:20:14 INFO]: [ViaVersion] Loading server plugin ViaVersion v5.3.2
[13:20:14 INFO]: [ViaVersion] ViaVersion 5.3.2 is now loaded. Registering protocol transformers and injecting...
[13:20:14 INFO]: [ViaVersion] Loading block connection mappings ...
[13:20:14 INFO]: [ViaVersion] Using FastUtil Long2ObjectOpenHashMap for block connections
[13:20:15 INFO]: [ViaBackwards] Loading translations...
[13:20:15 INFO]: [ViaBackwards] Registering protocols...
[13:20:15 INFO]: [ViaRewind] Registering protocols...
[13:20:15 INFO]: [LuckPerms] Loading server plugin LuckPerms v5.4.145
[13:20:16 INFO]: [ViaBackwards] Loading server plugin ViaBackwards v5.3.2
[13:20:16 INFO]: [Vault] Loading server plugin Vault v2.10.0
[13:20:16 INFO]: [ViaRewind] Loading server plugin ViaRewind v4.0.7
[13:20:16 INFO]: [Essentials] Loading server plugin Essentials v2.21.0
[13:20:16 INFO]: [ViaRewind-Legacy-Support] Loading server plugin ViaRewind-Legacy-Support v1.5.2
[13:20:16 INFO]: [AuthMe] Loading server plugin AuthMe v5.7.0-SNAPSHOT-b2642
[13:20:16 INFO]: [BetterTeams] Loading server plugin BetterTeams v4.12.0
[13:20:16 INFO]: [BetterTeams] [BetterTeams] Checking if the file config.yml is up to date
[13:20:16 INFO]: [BetterTeams] [BetterTeams] File is up to date
[13:20:16 INFO]: [BountySeekers] Loading server plugin BountySeekers v2.0.0
[13:20:16 INFO]: [Chunky] Loading server plugin Chunky v1.4.36
[13:20:16 INFO]: Server permissions file permissions.yml is empty, ignoring it
[13:20:16 INFO]: [LuckPerms] Enabling LuckPerms v5.4.145
[13:20:16 INFO]: [38;2;85;255;255m       [38;2;0;170;170m __    [0m
[13:20:16 INFO]: [38;2;85;255;255m  |    [38;2;0;170;170m|__)   [38;2;0;170;0mLuckPerms[0m [38;2;85;255;255mv5.4.145[0m
[13:20:16 INFO]: [38;2;85;255;255m  |___ [38;2;0;170;170m|      [38;2;85;85;85mRunning on Bukkit - Purpur[0m
[13:20:16 INFO]: 
[13:20:16 INFO]: [LuckPerms] Loading configuration...
[13:20:16 INFO]: [LuckPerms] Loading storage provider... [H2]
[13:20:17 INFO]: [LuckPerms] Loading internal permission managers...
[13:20:17 INFO]: [LuckPerms] Performing initial data load...
[13:20:17 INFO]: [LuckPerms] Successfully enabled. (took 1379ms)
[13:20:17 INFO]: [Vault] Enabling Vault v2.10.0
[13:20:17 INFO]: [Vault] Enabled Version 2.10.0
[13:20:17 INFO]: [LuckPerms] Registered Vault permission & chat hook.
[13:20:17 INFO]: [ViaRewind] Enabling ViaRewind v4.0.7
[13:20:17 WARN]: **** SERVER IS RUNNING IN OFFLINE/INSECURE MODE!
[13:20:17 WARN]: The server will make no attempt to authenticate usernames. Beware.
[13:20:17 WARN]: Whilst this makes it possible to use BungeeCord, unless access to your server is properly restricted, it also opens up the ability for hackers to connect with any username they choose.
[13:20:17 WARN]: Please see http://www.spigotmc.org/wiki/firewall-guide/ for further information.
[13:20:17 WARN]: To change this, set "online-mode" to "true" in the server.properties file.
[13:20:17 INFO]: Preparing level "world"
[13:20:18 INFO]: Preparing start region for dimension minecraft:overworld
[13:20:19 INFO]: Time elapsed: 1123 ms
[13:20:19 INFO]: Preparing start region for dimension minecraft:the_nether
[13:20:19 INFO]: Time elapsed: 180 ms
[13:20:19 INFO]: Preparing start region for dimension minecraft:the_end
[13:20:19 INFO]: Time elapsed: 127 ms
[13:20:19 INFO]: [ViaVersion] Enabling ViaVersion v5.3.2
[13:20:19 INFO]: [ViaVersion] ViaVersion detected server version: 1.21-1.21.1 (767)
[13:20:19 INFO]: [ViaBackwards] Enabling ViaBackwards v5.3.2
[13:20:19 INFO]: [Essentials] Enabling Essentials v2.21.0
[13:20:20 ERROR]: [Essentials] You are running an unsupported server version!
[13:20:20 INFO]: [Essentials] Attempting to convert old kits in config.yml to new kits.yml
[13:20:20 INFO]: [Essentials] No kits found to migrate.
[13:20:20 INFO]: [Essentials] Selected 1.13+ Spawn Egg Provider as the provider for SpawnEggProvider
[13:20:20 INFO]: [Essentials] Selected Reflection Online Mode Provider as the provider for OnlineModeProvider
[13:20:20 INFO]: [Essentials] Selected Reflection Sync Commands Provider as the provider for SyncCommandsProvider
[13:20:20 INFO]: [Essentials] Selected Paper Known Commands Provider as the provider for KnownCommandsProvider
[13:20:20 INFO]: [Essentials] Selected 1.14+ Sign Data Provider as the provider for SignDataProvider
[13:20:20 INFO]: [Essentials] Selected 1.12.2+ Player Locale Provider as the provider for PlayerLocaleProvider
[13:20:20 INFO]: [Essentials] Selected Paper Tick Count Provider as the provider for TickCountProvider
[13:20:20 INFO]: [Essentials] Selected Reflection Formatted Command Alias Provider as the provider for FormattedCommandAliasProvider
[13:20:20 INFO]: [Essentials] Selected Paper Server State Provider as the provider for ServerStateProvider
[13:20:20 INFO]: [Essentials] Selected 1.21+ InventoryView Interface ABI Provider as the provider for InventoryViewProvider
[13:20:20 INFO]: [Essentials] Selected 1.14.4+ Persistent Data Container Provider as the provider for PersistentDataProvider
[13:20:20 INFO]: [Essentials] Selected Paper Serialization Provider as the provider for SerializationProvider
[13:20:20 INFO]: [Essentials] Selected 1.20.5+ Banner Data Provider as the provider for BannerDataProvider
[13:20:20 INFO]: [Essentials] Selected 1.11+ Item Unbreakable Provider as the provider for ItemUnbreakableProvider
[13:20:20 INFO]: [Essentials] Selected 1.8.3+ Spawner Item Provider as the provider for SpawnerItemProvider
[13:20:20 INFO]: [Essentials] Selected Paper Material Tag Provider as the provider for MaterialTagProvider
[13:20:20 INFO]: [Essentials] Selected Paper Biome Key Provider as the provider for BiomeKeyProvider
[13:20:20 INFO]: [Essentials] Selected Paper Container Provider as the provider for ContainerProvider
[13:20:20 INFO]: [Essentials] Selected 1.20.4+ Damage Event Provider as the provider for DamageEventProvider
[13:20:20 INFO]: [Essentials] Selected 1.17.1+ World Info Provider as the provider for WorldInfoProvider
[13:20:20 INFO]: [Essentials] Selected 1.12+ Spawner Block Provider as the provider for SpawnerBlockProvider
[13:20:20 INFO]: [Essentials] Selected 1.20.6+ Potion Meta Provider as the provider for PotionMetaProvider
[13:20:21 INFO]: [Essentials] Loaded 43465 items from items.json.
[13:20:21 INFO]: [Essentials] Using locale en
[13:20:21 INFO]: [Essentials] ServerListPingEvent: Spigot iterator API
[13:20:21 INFO]: [Essentials] Starting Metrics. Opt-out using the global bStats config.
[13:20:21 INFO]: [Essentials] Using Vault based permissions (LuckPerms)
[13:20:21 INFO]: [ViaRewind-Legacy-Support] Enabling ViaRewind-Legacy-Support v1.5.2
[13:20:21 INFO]: [AuthMe] Enabling AuthMe v5.7.0-SNAPSHOT-b2642
[13:20:21 INFO]: [AuthMe] SQLite Setup finished
[13:20:21 INFO]: [AuthMe] Hooked into LuckPerms!
[13:20:22 INFO]: [AuthMe] Hooked successfully into Essentials
[13:20:22 INFO]: [AuthMe] Essentials spawn file not found: '/home/ubuntu/server/mc/main/plugins/Essentials/spawn.yml'
[13:20:22 WARN]: [AuthMe] WARNING! The protectInventory feature requires ProtocolLib! Disabling it...
[13:20:22 INFO]: [AuthMe] AuthMe 5.7.0-SNAPSHOT build n.2642 successfully enabled!
[13:20:22 INFO]: [BetterTeams] Enabling BetterTeams v4.12.0
[13:20:22 INFO]: [BetterTeams] [BetterTeams] Checking if the file messages.yml is up to date
[13:20:22 INFO]: [BetterTeams] [BetterTeams] File is up to date
[13:20:22 INFO]: [BetterTeams] Display team name config value: prefix
[13:20:22 INFO]: [BetterTeams] Loading below name. Type: PREFIX
[13:20:22 INFO]: [BetterTeams] teamManagement declared: com.booksaw.betterTeams.events.MCTeamManagement@4d139d67
[13:20:22 INFO]: [BountySeekers] Enabling BountySeekers v2.0.0
[13:20:22 INFO]: Enabled BountySeekers v2.0.0
[13:20:22 INFO]: Placeholder API not found - Skipping hook.
[13:20:22 INFO]: [Chunky] Enabling Chunky v1.4.36
[13:20:22 WARN]: Could not register alias sell because it contains commands that do not exist: economyshopgui:sellall $1-
[13:20:22 INFO]: [spark] Starting background profiler...
[13:20:22 INFO]: Done preparing level "world" (5.257s)
[13:20:22 INFO]: Running delayed init tasks
[13:20:22 INFO]: [Essentials] Essentials found a compatible payment resolution method: Vault Compatibility Layer (v2.10.0)!
[13:20:22 INFO]: [ViaVersion] Finished mapping loading, shutting down loader executor.
[13:20:22 INFO]: [Essentials] [38;2;255;170;0mFetching version information...[0m
[13:20:22 INFO]: [Chunky] No tasks to continue.
[13:20:22 INFO]: Done (20.821s)! For help, type "help"
[13:20:23 INFO]: UUID of player asdfasdfasdf1234 is 944b1b71-76b5-3162-84a3-3faa03a2472d
[13:20:24 INFO]: [38;2;255;255;85masdfasdfasdf1234 joined the game[0m
[13:20:24 INFO]: asdfasdfasdf1234[/64.150.15.14:38892] logged in with entity id 34 at ([world]661.6435179802824, 57.0, -1387.3243155228092)
[13:20:25 WARN]: [ViaVersion] (1.13->1.12.2) Ignoring plugin channel in serverbound REGISTER: EAG|GetDomain
[13:20:25 WARN]: [ViaVersion] (1.13->1.12.2) Ignoring plugin channel in serverbound REGISTER: EAG|1.8
[13:20:25 WARN]: [ViaVersion] (1.13->1.12.2) Ignoring plugin channel in serverbound REGISTER: EAG|Voice-1.8
[13:20:25 WARN]: [ViaVersion] (1.13->1.12.2) Ignoring plugin channel in serverbound REGISTER: EAG|UpdateCert-1.8
[13:20:25 WARN]: [ViaVersion] (1.13->1.12.2) Ignoring plugin channel in serverbound REGISTER: EAG|1.8-RPC
[13:20:25 WARN]: [ViaVersion] (1.13->1.12.2) Ignoring plugin channel in serverbound REGISTER: EAG|Skins-1.8
[13:20:25 WARN]: [ViaVersion] (1.13->1.12.2) Ignoring plugin channel in serverbound REGISTER: EAG|1.8-Ready
[13:20:25 WARN]: [ViaVersion] (1.13->1.12.2) Ignoring plugin channel in serverbound REGISTER: EAG|FNAWSEn-1.8
[13:20:25 WARN]: [ViaVersion] (1.13->1.12.2) Ignoring plugin channel in serverbound REGISTER: EAG|Capes-1.8
[13:20:25 WARN]: [ViaVersion] (1.13->1.12.2) Ignoring serverbound plugin message with channel: EAG|1.8-Ready
[13:20:25 WARN]: [Essentials] Permissions lag notice with (LuckPermsHandler). Response took 54.860149ms. Summary: Getting group for asdfasdfasdf1234
[13:20:53 INFO]: asdfasdfasdf1234 lost connection: Login timeout exceeded, you have been kicked from the server, please try again!
[13:20:53 INFO]: [38;2;255;255;85masdfasdfasdf1234 left the game[0m
[13:21:01 INFO]: UUID of player asdfasdfasdf1234 is 944b1b71-76b5-3162-84a3-3faa03a2472d
[13:21:01 INFO]: [38;2;255;255;85masdfasdfasdf1234 joined the game[0m
[13:21:01 INFO]: asdfasdfasdf1234[/64.150.15.14:49706] logged in with entity id 60 at ([world]661.6435179802824, 57.0, -1387.3243155228092)
[13:21:02 WARN]: [ViaVersion] (1.13->1.12.2) Ignoring plugin channel in serverbound REGISTER: EAG|GetDomain
[13:21:02 WARN]: [ViaVersion] (1.13->1.12.2) Ignoring plugin channel in serverbound REGISTER: EAG|1.8
[13:21:02 WARN]: [ViaVersion] (1.13->1.12.2) Ignoring plugin channel in serverbound REGISTER: EAG|Voice-1.8
[13:21:02 WARN]: [ViaVersion] (1.13->1.12.2) Ignoring plugin channel in serverbound REGISTER: EAG|UpdateCert-1.8
[13:21:02 WARN]: [ViaVersion] (1.13->1.12.2) Ignoring plugin channel in serverbound REGISTER: EAG|1.8-RPC
[13:21:02 WARN]: [ViaVersion] (1.13->1.12.2) Ignoring plugin channel in serverbound REGISTER: EAG|Skins-1.8
[13:21:02 WARN]: [ViaVersion] (1.13->1.12.2) Ignoring plugin channel in serverbound REGISTER: EAG|1.8-Ready
[13:21:02 WARN]: [ViaVersion] (1.13->1.12.2) Ignoring plugin channel in serverbound REGISTER: EAG|FNAWSEn-1.8
[13:21:02 WARN]: [ViaVersion] (1.13->1.12.2) Ignoring plugin channel in serverbound REGISTER: EAG|Capes-1.8
[13:21:02 WARN]: [ViaVersion] (1.13->1.12.2) Ignoring serverbound plugin message with channel: EAG|1.8-Ready
[13:21:10 INFO]: [AuthMe] asdfasdfasdf1234 used the wrong password
[13:21:10 INFO]: asdfasdfasdf1234 lost connection: Wrong password!
[13:21:10 INFO]: [38;2;255;255;85masdfasdfasdf1234 left the game[0m
[13:21:16 INFO]: UUID of player asdfasdfasdf1234 is 944b1b71-76b5-3162-84a3-3faa03a2472d
[13:21:16 INFO]: [38;2;255;255;85masdfasdfasdf1234 joined the game[0m
[13:21:16 INFO]: asdfasdfasdf1234[/64.150.15.14:36162] logged in with entity id 86 at ([world]661.6435179802824, 57.0, -1387.3243155228092)
[13:21:16 WARN]: [ViaVersion] (1.13->1.12.2) Ignoring plugin channel in serverbound REGISTER: EAG|GetDomain
[13:21:16 WARN]: [ViaVersion] (1.13->1.12.2) Ignoring plugin channel in serverbound REGISTER: EAG|1.8
[13:21:16 WARN]: [ViaVersion] (1.13->1.12.2) Ignoring plugin channel in serverbound REGISTER: EAG|Voice-1.8
[13:21:16 WARN]: [ViaVersion] (1.13->1.12.2) Ignoring plugin channel in serverbound REGISTER: EAG|UpdateCert-1.8
[13:21:16 WARN]: [ViaVersion] (1.13->1.12.2) Ignoring plugin channel in serverbound REGISTER: EAG|1.8-RPC
[13:21:16 WARN]: [ViaVersion] (1.13->1.12.2) Ignoring plugin channel in serverbound REGISTER: EAG|Skins-1.8
[13:21:16 WARN]: [ViaVersion] (1.13->1.12.2) Ignoring plugin channel in serverbound REGISTER: EAG|1.8-Ready
[13:21:16 WARN]: [ViaVersion] (1.13->1.12.2) Ignoring plugin channel in serverbound REGISTER: EAG|FNAWSEn-1.8
[13:21:16 WARN]: [ViaVersion] (1.13->1.12.2) Ignoring plugin channel in serverbound REGISTER: EAG|Capes-1.8
[13:21:16 WARN]: [ViaVersion] (1.13->1.12.2) Ignoring serverbound plugin message with channel: EAG|1.8-Ready
[13:21:19 INFO]: [AuthMe] The user asdfasdfasdf1234 has 2 accounts:
[13:21:19 INFO]: [AuthMe] §7§aasdfasdfasdf1234§7, asdfasdf.
[13:21:19 INFO]: [AuthMe] asdfasdfasdf1234 logged in 64.150.15.14
[13:22:29 INFO]: [Not Secure] <[38;2;170;0;0masdfasdfasdf1234[0m> this is an alt
[13:22:47 INFO]: asdfasdfasdf1234 issued server command: /gamemode s
[13:22:49 INFO]: asdfasdfasdf1234 fell from a high place
[13:22:54 INFO]: asdfasdfasdf1234 issued server command: /back
[13:23:03 INFO]: asdfasdfasdf1234 issued server command: /gamemode c
[13:23:22 INFO]: asdfasdfasdf1234 issued server command: /gamemode s
[13:23:26 INFO]: asdfasdfasdf1234 issued server command: /gamemode c
[13:23:28 INFO]: asdfasdfasdf1234 issued server command: /heal
[13:23:35 INFO]: asdfasdfasdf1234 issued server command: /gamemode s
[13:23:43 INFO]: asdfasdfasdf1234 issued server command: /gamemode c
[13:24:35 INFO]: asdfasdfasdf1234 issued server command: /gamemode c
[13:24:43 INFO]: asdfasdfasdf1234 issued server command: /gamemode s
[13:24:48 INFO]: asdfasdfasdf1234 issued server command: /heal
[13:24:49 INFO]: asdfasdfasdf1234 issued server command: /gamemode c
[13:24:55 INFO]: asdfasdfasdf1234 issued server command: /gamemode s
[13:24:57 INFO]: asdfasdfasdf1234 fell from a high place
[13:25:00 INFO]: asdfasdfasdf1234 issued server command: /back
[13:25:07 INFO]: asdfasdfasdf1234 issued server command: /give asdfasdfasdf1234 elytra
[13:25:07 INFO]: asdfasdfasdf1234 has reached the goal [38;2;85;255;85m[Sky's the Limit][0m
[13:25:20 INFO]: asdfasdfasdf1234 issued server command: /give asdfasdfasdf1234 firework
[13:25:24 INFO]: asdfasdfasdf1234 issued server command: /give asdfasdfasdf1234
[13:25:28 INFO]: asdfasdfasdf1234 issued server command: /gamemode c
[13:26:15 INFO]: asdfasdfasdf1234 issued server command: /gamemode s
[13:26:29 WARN]: asdfasdfasdf1234 moved too quickly! -9.079307104067368,-6.766367993957516,8.391887315713575
[13:26:43 INFO]: asdfasdfasdf1234 fell from a high place
[13:26:58 INFO]: asdfasdfasdf1234 issued server command: /locate structure ancient_city
[13:26:58 INFO]: Locating element minecraft:ancient_city took 288 ms
[13:28:25 INFO]: asdfasdfasdf1234 drowned
[13:28:40 INFO]: asdfasdfasdf1234 lost connection: Disconnected
[13:28:40 INFO]: [38;2;255;255;85masdfasdfasdf1234 left the game[0m
[17:53:55 INFO]: UUID of player iatepancakes is 0f941c54-ac6d-3f20-b2bc-54be40e3bfda
[17:53:56 INFO]: [38;2;255;255;85miatepancakes joined the game[0m
[17:53:56 INFO]: iatepancakes[/64.150.2.25:34490] logged in with entity id 1021 at ([world]347.195362892385, 62.9375, -2647.091562468237)
[17:54:08 INFO]: [AuthMe] iatepancakes logged in 64.150.2.25
[17:56:39 INFO]: UUID of player bruv1000000 is 340982f7-da83-3cc3-af64-61a64286037a
[17:56:40 INFO]: [38;2;255;255;85mbruv1000000 joined the game[0m
[17:56:40 INFO]: bruv1000000[/64.150.2.26:41468] logged in with entity id 1417 at ([world]-2996.6934901208856, 67.9375, 536.2616340970055)
[17:56:48 INFO]: [AuthMe] bruv1000000 used the wrong password
[17:56:48 INFO]: bruv1000000 lost connection: Wrong password!
[17:56:48 INFO]: [38;2;255;255;85mbruv1000000 left the game[0m
[17:56:51 INFO]: UUID of player bruv1000000 is 340982f7-da83-3cc3-af64-61a64286037a
[17:56:52 INFO]: [38;2;255;255;85mbruv1000000 joined the game[0m
[17:56:52 INFO]: bruv1000000[/64.150.2.26:39294] logged in with entity id 1550 at ([world]-2996.6934901208856, 67.9375, 536.2616340970055)
[17:56:59 INFO]: [AuthMe] bruv1000000 used the wrong password
[17:56:59 INFO]: bruv1000000 lost connection: Wrong password!
[17:56:59 INFO]: [38;2;255;255;85mbruv1000000 left the game[0m
[17:57:01 INFO]: UUID of player bruv1000000 is 340982f7-da83-3cc3-af64-61a64286037a
[17:57:02 INFO]: [38;2;255;255;85mbruv1000000 joined the game[0m
[17:57:02 INFO]: bruv1000000[/64.150.2.26:54582] logged in with entity id 1583 at ([world]-2996.6934901208856, 67.9375, 536.2616340970055)
[17:57:04 INFO]: UUID of player Iwontgrief is 548ae2d0-0ba6-349c-9e18-44efa316b465
[17:57:05 INFO]: [38;2;255;255;85mIwontgrief joined the game[0m
[17:57:05 INFO]: Iwontgrief[/64.150.2.24:54604] logged in with entity id 1590 at ([world]3959.371184409968, -38.0, -4943.937646472497)
[17:57:09 INFO]: [AuthMe] The user bruv1000000 has 2 accounts:
[17:57:09 INFO]: [AuthMe] §7§abruv1000000§7, cc588.
[17:57:09 INFO]: [AuthMe] bruv1000000 logged in 64.150.2.26
[17:57:12 INFO]: [AuthMe] The user Iwontgrief has 3 accounts:
[17:57:12 INFO]: [AuthMe] §7§aIwontgrief§7, mundoispluh, ath818.
[17:57:12 INFO]: [AuthMe] Iwontgrief logged in 64.150.2.24
[17:58:06 INFO]: UUID of player Yuvrajxd is f435e6d7-a032-3164-a81a-10125e1f4cb2
[17:58:07 INFO]: [38;2;255;255;85mYuvrajxd joined the game[0m
[17:58:07 INFO]: Yuvrajxd[/64.150.2.25:42396] logged in with entity id 1944 at ([world]-2681.9004079647325, 68.5625, 1815.699999988079)
[17:58:11 INFO]: [AuthMe] The user Yuvrajxd has 2 accounts:
[17:58:11 INFO]: [AuthMe] §7§aYuvrajxd§7, §aiatepancakes§7.
[17:58:11 INFO]: [AuthMe] Yuvrajxd logged in 64.150.2.25
[17:58:28 INFO]: Yuvrajxd issued server command: /team delete
[17:58:49 INFO]: [Not Secure] [38;2;170;170;170m[[38;2;255;170;0mfdsa[38;2;170;170;170m] [0m<iatepancakes> titobi sucks begger L
[17:58:55 INFO]: [Not Secure] [38;2;170;170;170m[[38;2;255;170;0mSigma[38;2;170;170;170m] [0m<Yuvrajxd> :skull
[17:58:58 INFO]: bruv1000000 issued server command: /hi
[17:59:03 INFO]: Yuvrajxd issued server command: /team delete
[17:59:07 INFO]: Yuvrajxd issued server command: /team delhome
[17:59:10 INFO]: Yuvrajxd issued server command: /teammake
[17:59:13 INFO]: Yuvrajxd issued server command: /team create
[17:59:32 INFO]: Villager Villager['Leatherworker'/1436, uuid='7853eb2c-e692-4755-a25f-1d7936ed9f78', l='ServerLevel[world]', x=-2965.48, y=64.00, z=493.66, cpos=[-186, 30], tl=23577, v=true] died, message: 'Leatherworker was slain by Zombie'
[17:59:43 INFO]: Yuvrajxd issued server command: /team create Central Investigation of Minecraft
[17:59:46 INFO]: Yuvrajxd issued server command: /team leave
[17:59:53 INFO]: Yuvrajxd issued server command: /team create Central Investigation of Minecraft
[17:59:58 INFO]: Yuvrajxd issued server command: /team disband
[18:00:04 INFO]: UUID of player Semiboi is e6dc84f2-fb3f-3adf-aec2-71b99da4947f
[18:00:05 INFO]: [38;2;255;255;85mSemiboi joined the game[0m
[18:00:05 INFO]: Semiboi[/64.150.2.26:52782] logged in with entity id 2906 at ([world]7.5, 73.0, -2097.5)
[18:00:06 INFO]: Yuvrajxd issued server command: /team create Central Investigation of Minecraft
[18:00:09 INFO]: Yuvrajxd issued server command: /team disband
[18:00:11 INFO]: [AuthMe] The user Semiboi has 3 accounts:
[18:00:11 INFO]: [AuthMe] §7§aSemiboi§7, §abruv1000000§7, cc588.
[18:00:11 INFO]: [AuthMe] Semiboi logged in 64.150.2.26
[18:00:13 INFO]: Yuvrajxd issued server command: /team disband
[18:00:21 INFO]: Yuvrajxd issued server command: /team create Central Investigation of Minecraft
[18:00:35 INFO]: Yuvrajxd issued server command: /team create Central Investigation
[18:00:42 INFO]: Yuvrajxd issued server command: /team create CIM
[18:00:48 INFO]: Semiboi lost connection: Timed out
[18:00:48 INFO]: [38;2;255;255;85mSemiboi left the game[0m
[18:01:48 INFO]: [Not Secure] [38;2;170;170;170m[[38;2;255;170;0mCIM[38;2;170;170;170m] [0m<Yuvrajxd> i am the central investigation of minecraft
[18:01:54 INFO]: [Not Secure] [38;2;170;170;170m[[38;2;255;170;0mfdsa[38;2;170;170;170m] [0m<iatepancakes> CIM
[18:01:56 INFO]: Villager Villager['Villager'/2901, uuid='c95c288d-7da9-45eb-81cc-c37d729074ee', l='ServerLevel[world]', x=-2974.64, y=88.00, z=282.30, cpos=[-186, 17], tl=1679, v=true] died, message: 'Villager was slain by Zombie'
[18:01:57 INFO]: [Not Secure] [38;2;170;170;170m[[38;2;255;170;0mCIM[38;2;170;170;170m] [0m<Yuvrajxd> uh huh
[18:01:59 INFO]: [Not Secure] [38;2;170;170;170m[[38;2;255;170;0mfdsa[38;2;170;170;170m] [0m<iatepancakes> I -> u
[18:02:01 INFO]: [Not Secure] [38;2;170;170;170m[[38;2;255;170;0mfdsa[38;2;170;170;170m] [0m<iatepancakes> CUMMM
[18:02:42 INFO]: [Not Secure] [38;2;170;170;170m[[38;2;255;170;0mCIM[38;2;170;170;170m] [0m<Yuvrajxd> GLOBAL ALERT: KILAS IS FR
[18:03:14 INFO]: [Not Secure] [38;2;170;170;170m[[38;2;255;170;0mCIM[38;2;170;170;170m] [0m<Yuvrajxd> kai can we send a swat team over to your base
[18:03:33 INFO]: Yuvrajxd issued server command: /msg bruv1000000 can i send a swat team to ur base
[18:04:05 INFO]: [Not Secure] [38;2;170;170;170m[[38;2;255;170;0mCIM[38;2;170;170;170m] [0m<Yuvrajxd> -2909 176
[18:04:07 INFO]: [Not Secure] [38;2;170;170;170m[[38;2;255;170;0mCIM[38;2;170;170;170m] [0m<Yuvrajxd> kai coords
[18:04:10 INFO]: [Not Secure] [38;2;170;170;170m[[38;2;255;170;0mfdsa[38;2;170;170;170m] [0m<iatepancakes> lol
[18:04:24 INFO]: [Not Secure] [38;2;170;170;170m[[38;2;255;170;0mCIM[38;2;170;170;170m] [0m<Yuvrajxd> lolmao
[18:04:27 INFO]: [Not Secure] [38;2;170;170;170m[[38;2;255;170;0mfdsa[38;2;170;170;170m] [0m<iatepancakes> fr
[18:06:02 INFO]: UUID of player Semiboi is e6dc84f2-fb3f-3adf-aec2-71b99da4947f
[18:06:03 INFO]: [38;2;255;255;85mSemiboi joined the game[0m
[18:06:03 INFO]: Semiboi[/64.150.2.26:55098] logged in with entity id 5419 at ([world]7.5851968870728745, 73.0, -2096.649027995008)
[18:06:10 INFO]: [AuthMe] The user Semiboi has 3 accounts:
[18:06:10 INFO]: [AuthMe] §7§aSemiboi§7, §abruv1000000§7, cc588.
[18:06:10 INFO]: [AuthMe] Semiboi logged in 64.150.2.26
[18:06:11 INFO]: Iwontgrief has made the advancement [38;2;85;255;85m[Not Today, Thank You][0m
[18:07:42 INFO]: [Not Secure] [38;2;170;170;170m[[38;2;255;170;0mCIM[38;2;170;170;170m] [0m<Yuvrajxd> imagine caving rn
[18:07:45 INFO]: [Not Secure] [38;2;170;170;170m[[38;2;255;170;0mfdsa[38;2;170;170;170m] [0m<iatepancakes> fr
[18:07:51 INFO]: [Not Secure] [38;2;170;170;170m[[38;2;255;170;0mfdsa[38;2;170;170;170m] [0m<iatepancakes> jonas:
[18:08:02 INFO]: [Not Secure] [38;2;170;170;170m[[38;2;255;170;0mfdsa[38;2;170;170;170m] [0m<iatepancakes> :skull:
[18:08:13 INFO]: Semiboi issued server command: /tpa Yuvrajxd
[18:09:08 INFO]: Yuvrajxd issued server command: /tpaccept
[18:11:03 INFO]: Semiboi issued server command: /home
[18:11:59 INFO]: Semiboi issued server command: /tpa Yuvrajxd
[18:12:07 INFO]: Yuvrajxd issued server command: /tpaccept
[18:14:22 INFO]: Semiboi has made the advancement [38;2;85;255;85m[What a Deal!][0m
[18:14:57 INFO]: [Not Secure] <Iwontgrief> admins give me 69 neherite blocks
[18:15:09 INFO]: iatepancakes lost connection: Disconnected
[18:15:09 INFO]: [38;2;255;255;85m[38;2;255;170;0mfdsa[38;2;255;255;85m iatepancakes left the game[0m
[18:16:04 INFO]: Yuvrajxd issued server command: /tpa Iwontgrief
[18:16:09 INFO]: UUID of player iatepancakes is 0f941c54-ac6d-3f20-b2bc-54be40e3bfda
[18:16:09 INFO]: [38;2;255;255;85miatepancakes joined the game[0m
[18:16:09 INFO]: iatepancakes[/64.150.2.25:50988] logged in with entity id 10288 at ([world]1187.5475416082334, 69.53584062504456, -3250.071392130165)
[18:16:14 INFO]: [AuthMe] The user iatepancakes has 2 accounts:
[18:16:14 INFO]: [AuthMe] §7§aYuvrajxd§7, §aiatepancakes§7.
[18:16:14 INFO]: [AuthMe] iatepancakes logged in 64.150.2.25
[18:20:35 INFO]: bruv1000000 issued server command: /seed
[18:21:57 INFO]: Semiboi issued server command: /tpa Yuvrajxd
[18:22:00 INFO]: Yuvrajxd issued server command: /tpaccept
[18:22:04 INFO]: iatepancakes issued server command: /tpa Semiboi
[18:23:03 INFO]: iatepancakes issued server command: /tpahere Semiboi
[18:24:14 INFO]: iatepancakes issued server command: /home base
[18:24:14 WARN]: iatepancakes moved too quickly! -150.4709712478969,0.0,1298.659255585881
[18:24:22 INFO]: [Not Secure] [38;2;170;170;170m[[38;2;255;170;0mCIM[38;2;170;170;170m] [0m<Yuvrajxd> taxes pls
[18:24:27 INFO]: [Not Secure] [38;2;170;170;170m[[38;2;255;170;0mCIM[38;2;170;170;170m] [0m<Yuvrajxd> pay up at 0 0 0
[18:25:33 INFO]: Yuvrajxd issued server command: /tpahere Semiboi
[18:25:35 INFO]: Semiboi issued server command: /tpa Yuvrajxd
[18:25:46 INFO]: Yuvrajxd issued server command: /tpaccept
[18:26:28 INFO]: [Not Secure] [38;2;170;170;170m[[38;2;255;170;0mCIM[38;2;170;170;170m] [0m<Yuvrajxd> um sir it seems like there is some inconvenice going on at your location mr. iwontgrief
[18:26:36 INFO]: [Not Secure] [38;2;170;170;170m[[38;2;255;170;0mCIM[38;2;170;170;170m] [0m<Yuvrajxd> we heard some very sus stuff
[18:26:39 INFO]: [Not Secure] [38;2;170;170;170m[[38;2;255;170;0mfdsa[38;2;170;170;170m] [0m<iatepancakes> some vibrations and fast movement
[18:26:43 INFO]: [Not Secure] [38;2;170;170;170m[[38;2;255;170;0mCIM[38;2;170;170;170m] [0m<Yuvrajxd> allg ood?a
[18:26:48 INFO]: [Not Secure] [38;2;170;170;170m[[38;2;255;170;0mfdsa[38;2;170;170;170m] [0m<iatepancakes> allg ood
[18:27:06 INFO]: iatepancakes issued server command: /home base
[18:27:06 WARN]: iatepancakes moved too quickly! -191.93719663714893,-8.0,-78.9811038509838
[18:27:24 INFO]: [Not Secure] [38;2;170;170;170m[[38;2;255;170;0mCIM[38;2;170;170;170m] [0m<Yuvrajxd> all ood sir?
[18:27:36 INFO]: Semiboi issued server command: /help
[18:27:48 INFO]: Semiboi issued server command: /help2
[18:27:54 INFO]: Semiboi issued server command: /help 2
[18:29:30 INFO]: Semiboi issued server command: /home
[18:29:54 INFO]: Iwontgrief has made the advancement [38;2;85;255;85m[Best Friends Forever][0m
[18:29:58 INFO]: Villager Villager['Farmer'/15012, uuid='30b7eefb-66ad-4426-8363-12e3c918ea03', l='ServerLevel[world]', x=334.30, y=64.56, z=-2638.54, cpos=[20, -165], tl=71202, v=true] died, message: 'Farmer was slain by Zombie'
[18:30:21 INFO]: [38;2;255;170;0mfdsa[0m iatepancakes has made the advancement [38;2;85;255;85m[Hot Stuff][0m
[18:30:29 INFO]: [Not Secure] [38;2;170;170;170m[[38;2;255;170;0mCIM[38;2;170;170;170m] [0m<Yuvrajxd> silas is cheating
[18:30:33 INFO]: [Not Secure] [38;2;170;170;170m[[38;2;255;170;0mfdsa[38;2;170;170;170m] [0m<iatepancakes> cap
[18:30:36 INFO]: [Not Secure] [38;2;170;170;170m[[38;2;255;170;0mfdsa[38;2;170;170;170m] [0m<iatepancakes> ni-
[18:30:37 INFO]: [Not Secure] [38;2;170;170;170m[[38;2;255;170;0mCIM[38;2;170;170;170m] [0m<Yuvrajxd> ./report iatepancakes hack
[18:33:23 INFO]: Semiboi issued server command: /home
[18:33:47 INFO]: Semiboi issued server command: /tpa Iwontgrief
[18:33:51 INFO]: Iwontgrief issued server command: /tpaccept
[18:33:51 WARN]: Semiboi moved too quickly! 3993.030796141392,-3.0,-2286.8349802986195
[18:34:27 INFO]: Semiboi issued server command: /home
[18:34:42 INFO]: Semiboi issued server command: /tpa Iwontgrief
[18:34:45 INFO]: Iwontgrief issued server command: /tpaccept
[18:34:45 WARN]: Semiboi moved too quickly! 3986.4440467350737,-2.0,-2279.5554859728772
[18:34:55 INFO]: Semiboi issued server command: /home\
[18:34:56 INFO]: Yuvrajxd issued server command: /home home
[18:34:57 INFO]: Semiboi issued server command: /home
[18:35:21 INFO]: bruv1000000 issued server command: /tpa Iwontgrief
[18:35:24 INFO]: Yuvrajxd issued server command: /tpa Iwontgrief
[18:35:27 INFO]: Iwontgrief issued server command: /tpaccept
[18:35:27 WARN]: Yuvrajxd moved too quickly! 6720.600982627877,30.0,-6182.361968702078
[18:35:36 INFO]: Yuvrajxd issued server command: /home home
[18:35:36 WARN]: Yuvrajxd moved too quickly! -6721.7552954437015,-30.0,6183.146867985526
[18:35:40 INFO]: Iwontgrief issued server command: /tpaccept bruv1000000
[18:35:45 INFO]: [Not Secure] [38;2;170;170;170m[[38;2;255;170;0mfdsa[38;2;170;170;170m] [0m<iatepancakes> a
[18:36:08 INFO]: Yuvrajxd issued server command: /tpa
[18:36:18 INFO]: Semiboi issued server command: /tpa Iwontgrief
[18:36:29 INFO]: iatepancakes lost connection: Disconnected
[18:36:29 INFO]: [38;2;255;255;85m[38;2;255;170;0mfdsa[38;2;255;255;85m iatepancakes left the game[0m
[18:36:36 INFO]: Yuvrajxd issued server command: /tpa\
[18:36:37 INFO]: Iwontgrief was slain by [38;2;255;170;0masdf[0m bruv1000000
[18:36:52 INFO]: UUID of player iatepancakes is 0f941c54-ac6d-3f20-b2bc-54be40e3bfda
[18:36:52 INFO]: [38;2;255;255;85miatepancakes joined the game[0m
[18:36:52 INFO]: iatepancakes[/64.150.2.25:35588] logged in with entity id 22818 at ([world]975.5174811085586, 65.0, -2225.4497764367948)
[18:36:56 INFO]: [Not Secure] <Iwontgrief> KILL KAI FOR 24 DIAMONDS
[18:36:56 INFO]: Yuvrajxd issued server command: /tpa iw
[18:36:58 INFO]: [AuthMe] The user iatepancakes has 2 accounts:
[18:36:58 INFO]: [AuthMe] §7§aYuvrajxd§7, §aiatepancakes§7.
[18:36:58 INFO]: [AuthMe] iatepancakes logged in 64.150.2.25
[18:36:58 INFO]: Iwontgrief issued server command: /tpaccept
[18:37:07 INFO]: Iwontgrief was slain by [38;2;255;170;0mCIM[0m Yuvrajxd
[18:37:08 INFO]: Semiboi issued server command: /tpa iatepancakes
[18:37:11 INFO]: Iwontgrief issued server command: /tpa bruv1000000
[18:37:15 INFO]: bruv1000000 issued server command: /tpaccept
[18:37:15 INFO]: Semiboi issued server command: /tpacancel
[18:37:17 INFO]: iatepancakes issued server command: /tpaccept
[18:37:21 INFO]: Iwontgrief was slain by [38;2;255;170;0masdf[0m bruv1000000
[18:37:41 INFO]: Iwontgrief was slain by [38;2;255;170;0mCIM[0m Yuvrajxd
[18:37:49 INFO]: iatepancakes issued server command: /tpahere Semiboi
[18:37:55 INFO]: Iwontgrief issued server command: /tpa bruv1000000
[18:37:55 INFO]: Yuvrajxd issued server command: /homes
[18:37:56 INFO]: bruv1000000 issued server command: /tpaccept
[18:37:56 WARN]: Iwontgrief moved too quickly! 3884.053981031845,-37.0,-3997.357963236215
[18:37:56 WARN]: Iwontgrief moved too quickly! 3884.053981031845,-37.0,-3997.357963236215
[18:37:57 INFO]: Semiboi issued server command: /tpaccept
[18:38:33 INFO]: Yuvrajxd issued server command: /home home
[18:38:33 WARN]: Yuvrajxd moved too quickly! -2844.1962520700476,-31.0,2137.3105457562215
[18:38:37 INFO]: Yuvrajxd issued server command: /team echest
[18:38:38 INFO]: Semiboi issued server command: /home
[18:38:43 INFO]: Villager Villager['Armorer'/23553, uuid='e909d79b-a4e3-40ac-9500-a6a6ef10a280', l='ServerLevel[world]', x=-2683.10, y=68.00, z=1815.42, cpos=[-168, 113], tl=154555, v=true] died, message: 'Armorer was slain by Zombie'
[18:38:56 INFO]: Yuvrajxd issued server command: /team echest
[18:39:02 INFO]: Iwontgrief was shot by Skeleton
[18:39:20 INFO]: Iwontgrief issued server command: /tpa Yuvrajxd
[18:39:27 INFO]: Yuvrajxd issued server command: /tpdeny
[18:39:27 INFO]: [Essentials] [38;2;255;85;85mYuvrajxd [38;2;170;0;0mwas denied access to command.[0m
[18:39:32 INFO]: iatepancakes issued server command: /tpahere Yuvrajxd
[18:39:37 INFO]: Iwontgrief lost connection: Disconnected
[18:39:37 INFO]: [38;2;255;255;85mIwontgrief left the game[0m
[18:39:42 INFO]: Yuvrajxd lost connection: Disconnected
[18:39:42 INFO]: [38;2;255;255;85m[38;2;255;170;0mCIM[38;2;255;255;85m Yuvrajxd left the game[0m
[18:40:12 INFO]: iatepancakes issued server command: /home base
[18:40:32 INFO]: Semiboi issued server command: /home
[18:41:52 INFO]: bruv1000000 lost connection: Disconnected
[18:41:52 INFO]: [38;2;255;255;85m[38;2;255;170;0masdf[38;2;255;255;85m bruv1000000 left the game[0m
[18:41:53 INFO]: iatepancakes lost connection: Disconnected
[18:41:53 INFO]: [38;2;255;255;85m[38;2;255;170;0mfdsa[38;2;255;255;85m iatepancakes left the game[0m
[18:41:59 INFO]: Semiboi lost connection: Disconnected
[18:41:59 INFO]: [38;2;255;255;85mSemiboi left the game[0m
[20:19:16 INFO]: UUID of player mundoispluh is f3d50001-5a5f-381b-ae5d-981c0d9d0f1f
[20:19:17 INFO]: [38;2;255;255;85mmundoispluh joined the game[0m
[20:19:17 INFO]: mundoispluh[/64.150.2.24:45160] logged in with entity id 25639 at ([world]12.434191472312053, 67.0, -2095.300000011921)
[20:19:34 INFO]: mundoispluh lost connection: Disconnected
[20:19:34 INFO]: [38;2;255;255;85mmundoispluh left the game[0m
[20:19:58 INFO]: UUID of player mundoispluh is f3d50001-5a5f-381b-ae5d-981c0d9d0f1f
[20:19:58 INFO]: UUID of player Semiboi is e6dc84f2-fb3f-3adf-aec2-71b99da4947f
[20:19:59 INFO]: [38;2;255;255;85mmundoispluh joined the game[0m
[20:19:59 INFO]: mundoispluh[/64.150.2.24:39654] logged in with entity id 25816 at ([world]12.434191472312053, 67.0, -2095.300000011921)
[20:19:59 INFO]: [38;2;255;255;85mSemiboi joined the game[0m
[20:19:59 INFO]: Semiboi[/64.150.2.26:39658] logged in with entity id 25817 at ([world]1.6156556599798186, 73.0, -2097.4924469334937)
[20:20:16 INFO]: [AuthMe] The user mundoispluh has 3 accounts:
[20:20:16 INFO]: [AuthMe] §7iwontgrief, §amundoispluh§7, ath818.
[20:20:16 INFO]: [AuthMe] mundoispluh logged in 64.150.2.24
[20:20:24 INFO]: [AuthMe] The user Semiboi has 3 accounts:
[20:20:24 INFO]: [AuthMe] §7§aSemiboi§7, bruv1000000, cc588.
[20:20:24 INFO]: [AuthMe] Semiboi logged in 64.150.2.26
[20:21:45 INFO]: UUID of player bruv1000000 is 340982f7-da83-3cc3-af64-61a64286037a
[20:21:46 INFO]: [38;2;255;255;85mbruv1000000 joined the game[0m
[20:21:46 INFO]: bruv1000000[/64.150.2.26:40588] logged in with entity id 26201 at ([world]4014.2550660240154, -46.0, -4362.96805297578)
[20:21:51 INFO]: [AuthMe] The user bruv1000000 has 3 accounts:
[20:21:51 INFO]: [AuthMe] §7§aSemiboi§7, §abruv1000000§7, cc588.
[20:21:51 INFO]: [AuthMe] bruv1000000 logged in 64.150.2.26
[20:22:02 INFO]: bruv1000000 issued server command: /w
[20:22:20 INFO]: bruv1000000 issued server command: /w mundoispluh can i tp to you so i can jump titobi
[20:24:40 INFO]: UUID of player iatepancakes is 0f941c54-ac6d-3f20-b2bc-54be40e3bfda
[20:24:41 INFO]: [38;2;255;255;85miatepancakes joined the game[0m
[20:24:41 INFO]: iatepancakes[/64.150.2.25:41778] logged in with entity id 27382 at ([world]341.54363215928726, 63.0, -2648.699999988079)
[20:24:46 INFO]: [AuthMe] The user iatepancakes has 2 accounts:
[20:24:46 INFO]: [AuthMe] §7yuvrajxd, §aiatepancakes§7.
[20:24:46 INFO]: [AuthMe] iatepancakes logged in 64.150.2.25
[20:28:35 INFO]: iatepancakes lost connection: Disconnected
[20:28:35 INFO]: [38;2;255;255;85m[38;2;255;170;0mfdsa[38;2;255;255;85m iatepancakes left the game[0m
[20:28:53 INFO]: UUID of player iatepancakes is 0f941c54-ac6d-3f20-b2bc-54be40e3bfda
[20:28:54 INFO]: [38;2;255;255;85miatepancakes joined the game[0m
[20:28:54 INFO]: iatepancakes[/64.150.2.25:46120] logged in with entity id 29207 at ([world]475.78769460621515, 74.0, -2476.0233949974195)
[20:29:02 INFO]: [AuthMe] The user iatepancakes has 2 accounts:
[20:29:02 INFO]: [AuthMe] §7yuvrajxd, §aiatepancakes§7.
[20:29:02 INFO]: [AuthMe] iatepancakes logged in 64.150.2.25
[20:29:45 INFO]: iatepancakes issued server command: /tpa mundoispluh
[20:29:56 INFO]: [Not Secure] [38;2;170;170;170m[[38;2;255;170;0mfdsa[38;2;170;170;170m] [0m<iatepancakes> accept
[20:36:47 INFO]: Semiboi lost connection: Disconnected
[20:36:47 INFO]: [38;2;255;255;85mSemiboi left the game[0m
[20:37:04 INFO]: UUID of player Semiboi is e6dc84f2-fb3f-3adf-aec2-71b99da4947f
[20:37:04 INFO]: [38;2;255;255;85mSemiboi joined the game[0m
[20:37:04 INFO]: Semiboi[/64.150.2.26:36806] logged in with entity id 31967 at ([world]5.10383485697864, 73.0, -2088.6804133655596)
[20:37:12 INFO]: [AuthMe] The user Semiboi has 3 accounts:
[20:37:12 INFO]: [AuthMe] §7§aSemiboi§7, §abruv1000000§7, cc588.
[20:37:12 INFO]: [AuthMe] Semiboi logged in 64.150.2.26
[20:41:25 INFO]: bruv1000000 lost connection: Disconnected
[20:41:25 INFO]: [38;2;255;255;85m[38;2;255;170;0masdf[38;2;255;255;85m bruv1000000 left the game[0m
[20:41:27 INFO]: UUID of player bruv1000000 is 340982f7-da83-3cc3-af64-61a64286037a
[20:41:28 INFO]: [38;2;255;255;85mbruv1000000 joined the game[0m
[20:41:28 INFO]: bruv1000000[/64.150.2.26:37410] logged in with entity id 32968 at ([world]3986.447884452113, -49.0, -4224.293623065862)
[20:41:32 INFO]: [AuthMe] bruv1000000 used the wrong password
[20:41:32 INFO]: bruv1000000 lost connection: Wrong password!
[20:41:32 INFO]: [38;2;255;255;85mbruv1000000 left the game[0m
[20:41:34 INFO]: UUID of player bruv1000000 is 340982f7-da83-3cc3-af64-61a64286037a
[20:41:34 INFO]: [38;2;255;255;85mbruv1000000 joined the game[0m
[20:41:34 INFO]: bruv1000000[/64.150.2.26:60472] logged in with entity id 33002 at ([world]3986.447884452113, -49.0, -4224.293623065862)
[20:41:38 INFO]: [AuthMe] The user bruv1000000 has 3 accounts:
[20:41:38 INFO]: [AuthMe] §7§aSemiboi§7, §abruv1000000§7, cc588.
[20:41:38 INFO]: [AuthMe] bruv1000000 logged in 64.150.2.26
[20:46:20 INFO]: [Not Secure] <mundoispluh> jimmy has a pink gyatt and is a nigg4r
[20:46:24 INFO]: [Not Secure] [38;2;170;170;170m[[38;2;255;170;0mfdsa[38;2;170;170;170m] [0m<iatepancakes> REAL
[20:47:08 INFO]: iatepancakes lost connection: Disconnected
[20:47:08 INFO]: [38;2;255;255;85m[38;2;255;170;0mfdsa[38;2;255;255;85m iatepancakes left the game[0m
[20:47:16 INFO]: [Not Secure] <mundoispluh> jimmy likes cock
[20:47:21 INFO]: [Not Secure] <mundoispluh> (the chicken ofc)
[20:47:24 INFO]: UUID of player iatepancakes is 0f941c54-ac6d-3f20-b2bc-54be40e3bfda
[20:47:25 INFO]: [38;2;255;255;85miatepancakes joined the game[0m
[20:47:25 INFO]: iatepancakes[/64.150.2.25:54100] logged in with entity id 34677 at ([world]344.1586827253932, 63.0, -2648.000764535088)
[20:47:29 INFO]: [AuthMe] The user iatepancakes has 2 accounts:
[20:47:29 INFO]: [AuthMe] §7yuvrajxd, §aiatepancakes§7.
[20:47:29 INFO]: [AuthMe] iatepancakes logged in 64.150.2.25
[20:47:49 INFO]: [Not Secure] <mundoispluh> pluhhhhhhhhhhhhhhhhhhhhhhhhhhhhhhhhhhhhhhhhhhhhhhhhhhhhhhhhhhhhhhhhhhhhhhhhhhhhhhhhhhhhhhhhhhhhhhhhhhhhhhhhhhhhhhhhhhhhhhhhhhhhhhhhhhhhhhhhhhhhhhhhhhhhhhhhhhhhhhhhhhhhhhhhhhhhhhhhhhhhhhhhhhhhhhhhhhhhhhhhhhhhhhhhhhhhhhhhhhhhhhhhhhhhhhhhhhhhhhhhhhhhhhhhhhhhh
[20:50:06 INFO]: iatepancakes issued server command: /home base
[20:50:06 WARN]: iatepancakes moved too quickly! -79.76660467267106,-7.0,-52.76775829303324
[20:50:06 WARN]: iatepancakes moved too quickly! -79.76660467267106,-7.0,-52.76775829303324
[20:52:37 INFO]: mundoispluh has made the advancement [38;2;85;255;85m[A Terrible Fortress][0m
[20:52:49 INFO]: iatepancakes issued server command: /tpa mundoispluh
[20:53:34 INFO]: mundoispluh has made the advancement [38;2;85;255;85m[Into Fire][0m
[20:54:11 INFO]: Semiboi issued server command: /home
[20:54:18 INFO]: bruv1000000 issued server command: /top
[20:54:18 INFO]: [Essentials] [38;2;255;85;85mbruv1000000 [38;2;170;0;0mwas denied access to command.[0m
[20:54:32 INFO]: bruv1000000 issued server command: /tpa spawn
[20:54:34 INFO]: bruv1000000 issued server command: /spawn
[20:54:38 INFO]: bruv1000000 issued server command: /warp smp
[20:55:06 INFO]: iatepancakes issued server command: /tpa mundoispluh
[20:55:06 INFO]: Semiboi fell from a high place
[20:55:07 INFO]: iatepancakes issued server command: /home base
[20:55:07 WARN]: iatepancakes moved too quickly! -555.9110748408438,0.0,187.9584975827015
[20:55:09 INFO]: Semiboi issued server command: /back
[20:57:18 INFO]: Semiboi issued server command: /tpa mundoispluh
[20:57:36 INFO]: mundoispluh issued server command: /tpaccept
[20:57:36 WARN]: Semiboi moved too quickly! -43.38551343998404,0.0,16.15480650241281
[20:58:25 INFO]: Villager Villager['Fletcher'/38737, uuid='484919b2-ac30-493f-8265-bf53690292b6', l='ServerLevel[world]', x=377.70, y=70.00, z=-2607.30, cpos=[23, -163], tl=107894, v=true] died, message: 'Fletcher was slain by Zombie Villager'
[21:00:29 INFO]: Semiboi lost connection: Disconnected
[21:00:29 INFO]: [38;2;255;255;85mSemiboi left the game[0m
[21:00:44 INFO]: bruv1000000 lost connection: Disconnected
[21:00:44 INFO]: [38;2;255;255;85m[38;2;255;170;0masdf[38;2;255;255;85m bruv1000000 left the game[0m
[21:04:56 INFO]: UUID of player bruv1000000 is 340982f7-da83-3cc3-af64-61a64286037a
[21:04:57 INFO]: [38;2;255;255;85mbruv1000000 joined the game[0m
[21:04:57 INFO]: bruv1000000[/64.150.2.26:44434] logged in with entity id 42185 at ([world]242.30000001192093, -20.0, -947.6999999880791)
[21:05:02 INFO]: bruv1000000 lost connection: Disconnected
[21:05:02 INFO]: [38;2;255;255;85m[38;2;255;170;0masdf[38;2;255;255;85m bruv1000000 left the game[0m
[21:05:10 INFO]: UUID of player bruv1000000 is 340982f7-da83-3cc3-af64-61a64286037a
[21:05:10 INFO]: [38;2;255;255;85mbruv1000000 joined the game[0m
[21:05:10 INFO]: bruv1000000[/64.150.2.26:33342] logged in with entity id 42301 at ([world]242.30000001192093, -20.0, -947.6999999880791)
[21:05:14 INFO]: [AuthMe] The user bruv1000000 has 3 accounts:
[21:05:14 INFO]: [AuthMe] §7semiboi, §abruv1000000§7, cc588.
[21:05:14 INFO]: [AuthMe] bruv1000000 logged in 64.150.2.26
[21:08:48 INFO]: mundoispluh has made the advancement [38;2;85;255;85m[Enchanter][0m
[21:09:09 INFO]: iatepancakes issued server command: /tpa bruv1000000
[21:09:12 INFO]: bruv1000000 issued server command: /tpaccept
[21:13:26 INFO]: iatepancakes issued server command: /tpa bruv1000000
[21:13:34 INFO]: bruv1000000 issued server command: /tpaccept
[21:14:03 INFO]: iatepancakes issued server command: /home base
[21:14:03 WARN]: iatepancakes moved too quickly! 25.020128615597912,90.0,-1651.647870743707
[21:15:38 INFO]: iatepancakes lost connection: Disconnected
[21:15:38 INFO]: [38;2;255;255;85m[38;2;255;170;0mfdsa[38;2;255;255;85m iatepancakes left the game[0m
[21:17:52 INFO]: [Not Secure] <mundoispluh> Pigstep, NAHHHHH. Niggstep
[21:18:31 INFO]: UUID of player iatepancakes is 0f941c54-ac6d-3f20-b2bc-54be40e3bfda
[21:18:31 INFO]: [38;2;255;255;85miatepancakes joined the game[0m
[21:18:31 INFO]: iatepancakes[/64.150.2.25:52116] logged in with entity id 45925 at ([world]344.16176881806047, 63.0, -2671.3683756118453)
[21:18:36 INFO]: [AuthMe] The user iatepancakes has 2 accounts:
[21:18:36 INFO]: [AuthMe] §7yuvrajxd, §aiatepancakes§7.
[21:18:36 INFO]: [AuthMe] iatepancakes logged in 64.150.2.25
[21:20:07 INFO]: bruv1000000 lost connection: Disconnected
[21:20:07 INFO]: [38;2;255;255;85m[38;2;255;170;0masdf[38;2;255;255;85m bruv1000000 left the game[0m
[21:20:09 INFO]: UUID of player Semiboi is e6dc84f2-fb3f-3adf-aec2-71b99da4947f
[21:20:10 INFO]: [38;2;255;255;85mSemiboi joined the game[0m
[21:20:10 INFO]: Semiboi[/64.150.2.24:52620] logged in with entity id 46782 at ([world_nether]-2.5837138937133557, 60.0, -220.4035919410277)
[21:20:17 INFO]: [AuthMe] The user Semiboi has 4 accounts:
[21:20:17 INFO]: [AuthMe] §7§aSemiboi§7, iwontgrief, §amundoispluh§7, ath818.
[21:20:17 INFO]: [AuthMe] Semiboi logged in 64.150.2.24
[21:20:46 INFO]: Semiboi issued server command: /tpa mundoispluh
[21:20:56 INFO]: mundoispluh issued server command: /tpaccept
[21:28:42 INFO]: [38;2;255;170;0mfdsa[0m iatepancakes was doomed to fall
[21:28:50 INFO]: iatepancakes issued server command: /back
[21:30:42 INFO]: iatepancakes issued server command: /tpahere Semiboi
[21:30:54 INFO]: Semiboi issued server command: /tpaccept
[21:31:21 INFO]: Semiboi issued server command: /home
[21:31:49 INFO]: mundoispluh has made the advancement [38;2;85;255;85m[Glow and Behold!][0m
[21:32:40 INFO]: Semiboi issued server command: /tpa iatepancakes
[21:32:45 INFO]: iatepancakes issued server command: /tpacce
[21:32:47 INFO]: iatepancakes issued server command: /tpaccept
[21:34:30 INFO]: Semiboi issued server command: /hopme
[21:34:32 INFO]: Semiboi was slain by Piglin Brute
[21:34:36 INFO]: Semiboi issued server command: /back
[21:34:39 INFO]: Semiboi was slain by Piglin Brute
[21:34:42 INFO]: Semiboi issued server command: /back
[21:34:55 INFO]: Semiboi issued server command: /home
[21:35:07 INFO]: iatepancakes issued server command: /home base
[21:35:18 INFO]: Semiboi issued server command: /back
[21:35:29 INFO]: Semiboi issued server command: /hoem
[21:35:30 INFO]: Semiboi was slain by Piglin Brute
[21:35:33 INFO]: Semiboi issued server command: /back
[21:35:34 INFO]: Semiboi was slain by Piglin Brute
[21:35:38 INFO]: Semiboi issued server command: /bck
[21:35:41 INFO]: Semiboi issued server command: /back
[21:35:48 INFO]: Semiboi was slain by Hoglin
[21:35:52 INFO]: Semiboi issued server command: /bacbk
[21:35:54 INFO]: Semiboi issued server command: /back
[21:36:00 INFO]: Semiboi was slain by Hoglin
[21:36:03 INFO]: Semiboi issued server command: /back
[21:36:19 INFO]: Semiboi was slain by Hoglin
[21:36:19 INFO]: mundoispluh issued server command: /sethome
[21:36:21 INFO]: Semiboi issued server command: /back
[21:36:22 INFO]: mundoispluh issued server command: /home
[21:36:26 INFO]: Semiboi was slain by Hoglin
[21:36:29 INFO]: Semiboi issued server command: /back
[21:36:32 INFO]: mundoispluh issued server command: /tpa Semiboi
[21:36:34 INFO]: Semiboi issued server command: /tpaccept
[21:36:34 INFO]: mundoispluh has made the advancement [38;2;85;255;85m[Those Were the Days][0m
[21:36:45 INFO]: Semiboi was slain by Hoglin
[21:36:48 INFO]: Semiboi issued server command: /back
[21:36:54 INFO]: mundoispluh was slain by Piglin Brute
[21:36:57 INFO]: [Not Secure] [38;2;170;170;170m[[38;2;255;170;0mfdsa[38;2;170;170;170m] [0m<iatepancakes> LMAO
[21:36:59 INFO]: mundoispluh issued server command: /BACK
[21:37:01 INFO]: Semiboi issued server command: /home
[21:37:02 INFO]: mundoispluh issued server command: /back
[21:37:18 INFO]: Semiboi issued server command: /back
[21:37:22 INFO]: mundoispluh was slain by Hoglin
[21:37:27 INFO]: mundoispluh issued server command: /back
[21:37:27 INFO]: Semiboi was slain by Piglin Brute
[21:37:29 INFO]: [Not Secure] [38;2;170;170;170m[[38;2;255;170;0mfdsa[38;2;170;170;170m] [0m<iatepancakes> death counter error
[21:37:31 INFO]: Semiboi issued server command: /back
[21:37:40 INFO]: Semiboi issued server command: /home
[21:37:52 INFO]: mundoispluh was slain by Piglin
[21:37:57 INFO]: mundoispluh issued server command: /back
[21:38:12 INFO]: iatepancakes issued server command: /tpa mundoispluh
[21:38:17 INFO]: mundoispluh issued server command: /home'
[21:38:18 INFO]: mundoispluh was slain by Piglin Brute
[21:38:32 INFO]: mundoispluh issued server command: /back
[21:38:37 INFO]: Semiboi issued server command: /back
[21:38:40 INFO]: mundoispluh was slain by Piglin Brute
[21:38:45 INFO]: Semiboi was slain by Piglin Brute
[21:38:48 INFO]: mundoispluh issued server command: /back
[21:38:49 INFO]: Semiboi issued server command: /back
[21:39:09 INFO]: iatepancakes issued server command: /tpa mundoispluh
[21:39:11 INFO]: mundoispluh issued server command: /home
[21:39:22 INFO]: Villager Villager['Nitwit'/50097, uuid='893d9e4a-f256-4704-8c1c-6bb6f13bea97', l='ServerLevel[world]', x=350.68, y=68.00, z=-2625.44, cpos=[21, -165], tl=117774, v=true] died, message: 'Nitwit was slain by Zombie'
[21:39:23 INFO]: Semiboi has made the advancement [38;2;85;255;85m[War Pigs][0m
[21:39:27 INFO]: iatepancakes issued server command: /tpa Semiboi
[21:39:37 INFO]: Semiboi issued server command: /back
[21:39:55 INFO]: mundoispluh issued server command: /tpa iatepancakes
[21:39:59 INFO]: iatepancakes issued server command: /tpa mundoispluh
[21:40:00 INFO]: Semiboi issued server command: /back
[21:40:07 INFO]: mundoispluh issued server command: /tpa Semiboi
[21:40:17 INFO]: Semiboi issued server command: /tpaccept
[21:40:20 INFO]: Semiboi was slain by Hoglin
[21:40:21 INFO]: iatepancakes issued server command: /tpa mundoispluh
[21:40:23 INFO]: Semiboi issued server command: /back
[21:40:32 INFO]: mundoispluh issued server command: /home
[21:40:32 INFO]: iatepancakes issued server command: /tpa Semiboi
[21:41:19 INFO]: Semiboi was slain by Piglin Brute
[21:41:22 INFO]: Semiboi issued server command: /back
[21:41:24 INFO]: Semiboi was slain by Piglin Brute
[21:41:28 INFO]: Semiboi issued server command: /back
[21:41:37 INFO]: Semiboi issued server command: /back
[21:41:51 INFO]: iatepancakes lost connection: Disconnected
[21:41:51 INFO]: [38;2;255;255;85m[38;2;255;170;0mfdsa[38;2;255;255;85m iatepancakes left the game[0m
[21:42:01 INFO]: mundoispluh lost connection: Disconnected
[21:42:01 INFO]: [38;2;255;255;85mmundoispluh left the game[0m
[21:42:03 INFO]: Semiboi lost connection: Disconnected
[21:42:03 INFO]: [38;2;255;255;85mSemiboi left the game[0m
